Paket_id,Vikt,Förtjänst,Deadline
9309647558,10.7,5,0
9309647559,5.7,4,1
9309647560,5.3,2,0
9309647561,4.1,5,1
9309647562,7.2,6,2
9309647563,5.3,1,1
9309647564,5.8,6,2
9309647565,7.4,7,3
9309647566,4.4,3,-1
9309647567,7.7,2,5
9309647568,9.9,5,-1
9309647569,6.7,6,1
9309647570,8.1,9,1
9309647571,6.2,5,3
9309647572,2.9,7,-1
9309647573,7.5,4,3
9309647574,5.7,3,0
9309647575,7.0,7,2
9309647576,6.8,6,2
9309647577,4.3,5,2
9309647578,9.7,2,2
9309647579,4.8,2,3
9309647580,7.5,5,0
9309647581,10.1,4,5
9309647582,4.8,7,1
9309647583,3.0,6,2
9309647584,6.7,7,3
9309647585,4.7,6,1
9309647586,9.5,4,0
9309647587,10.3,7,0
9309647588,7.2,4,0
9309647589,5.2,3,-2
9309647590,6.8,3,2
9309647591,7.5,4,4
9309647592,8.8,3,-1
9309647593,7.5,5,1
9309647594,6.7,2,1
9309647595,5.2,4,0
9309647596,6.0,7,-1
9309647597,6.3,5,3
9309647598,3.9,7,1
9309647599,5.4,7,3
9309647600,5.4,5,-1
9309647601,4.2,4,1
9309647602,2.4,7,3
9309647603,5.2,6,3
9309647604,8.0,1,3
9309647605,7.0,2,-1
9309647606,1.4,7,4
9309647607,2.6,4,0
9309647608,6.5,5,0
9309647609,5.0,7,1
9309647610,3.2,5,2
9309647611,7.2,8,0
9309647612,9.4,3,3
9309647613,3.0,5,0
9309647614,4.2,7,2
9309647615,5.8,8,1
9309647616,6.8,10,1
9309647617,2.9,7,3
9309647618,5.0,5,-1
9309647619,2.6,5,4
9309647620,2.7,7,2
9309647621,5.2,5,4
9309647622,2.5,2,0
9309647623,4.7,7,0
9309647624,3.2,5,2
9309647625,5.1,5,0
9309647626,9.7,3,2
9309647627,6.5,5,2
9309647628,8.3,4,0
9309647629,8.6,8,0
9309647630,8.3,2,2
9309647631,2.5,5,0
9309647632,4.2,5,2
9309647633,3.4,8,3
9309647634,5.2,3,3
9309647635,5.7,1,0
9309647636,3.6,6,0
9309647637,9.0,7,4
9309647638,6.2,5,3
9309647639,3.0,8,0
9309647640,3.2,5,0
9309647641,5.0,5,0
9309647642,8.4,9,1
9309647643,4.8,6,0
9309647644,7.3,4,3
9309647645,6.5,2,2
9309647646,7.2,4,2
9309647647,11.4,2,3
9309647648,5.5,6,2
9309647649,4.3,4,2
9309647650,4.9,5,0
9309647651,7.2,6,1
9309647652,7.3,6,5
9309647653,4.4,7,2
9309647654,2.9,4,1
9309647655,5.9,6,-1
9309647656,7.7,5,3
9309647657,4.0,3,0
9309647658,9.9,4,0
9309647659,5.3,3,1
9309647660,5.2,7,4
9309647661,6.7,5,-1
9309647662,4.2,6,0
9309647663,4.8,1,2
9309647664,8.7,1,1
9309647665,4.3,8,1
9309647666,5.4,3,2
9309647667,4.0,9,5
9309647668,3.5,2,1
9309647669,6.8,6,-1
9309647670,5.2,9,-1
9309647671,3.1,3,0
9309647672,3.5,9,1
9309647673,9.9,5,0
9309647674,6.5,8,0
9309647675,8.7,7,4
9309647676,8.9,8,1
9309647677,3.6,6,0
9309647678,8.9,4,0
9309647679,8.6,6,1
9309647680,6.2,4,2
9309647681,3.2,6,1
9309647682,2.3,8,3
9309647683,9.8,5,4
9309647684,9.8,4,3
9309647685,4.5,5,0
9309647686,8.7,7,1
9309647687,3.7,7,0
9309647688,4.8,2,0
9309647689,3.0,4,0
9309647690,4.7,5,0
9309647691,3.0,6,1
9309647692,8.1,8,0
9309647693,10.4,5,0
9309647694,4.7,8,-1
9309647695,7.7,6,0
9309647696,3.9,2,3
9309647697,4.7,4,-1
9309647698,6.8,3,2
9309647699,5.9,3,3
9309647700,5.2,3,2
9309647701,5.5,6,1
9309647702,2.9,3,0
9309647703,7.0,5,-1
9309647704,3.4,7,1
9309647705,3.9,8,3
9309647706,7.2,5,0
9309647707,6.3,5,0
9309647708,8.1,4,4
9309647709,5.0,7,1
9309647710,5.8,7,4
9309647711,4.0,2,0
9309647712,6.3,3,-1
9309647713,2.6,9,0
9309647714,3.0,8,4
9309647715,8.5,1,5
9309647716,7.9,4,-2
9309647717,5.0,5,1
9309647718,5.0,8,3
9309647719,6.0,5,-1
9309647720,2.6,10,4
9309647721,3.8,10,0
9309647722,4.7,7,2
9309647723,4.7,3,3
9309647724,5.2,8,4
9309647725,4.4,2,0
9309647726,5.6,9,0
9309647727,5.0,9,3
9309647728,3.1,1,-2
9309647729,9.1,3,1
9309647730,5.3,8,0
9309647731,4.8,8,0
9309647732,7.0,2,1
9309647733,8.1,6,4
9309647734,6.2,3,-1
9309647735,4.8,5,4
9309647736,5.2,5,0
9309647737,2.6,6,4
9309647738,4.2,6,2
9309647739,3.3,6,0
9309647740,4.1,6,4
9309647741,3.2,7,3
9309647742,7.9,7,2
9309647743,4.1,5,4
9309647744,5.5,6,2
9309647745,5.2,8,2
9309647746,1.9,6,2
9309647747,3.5,7,2
9309647748,4.4,6,5
9309647749,9.8,4,2
9309647750,5.0,7,4
9309647751,2.6,2,1
9309647752,5.8,4,1
9309647753,4.9,6,1
9309647754,8.8,7,5
9309647755,4.0,7,0
9309647756,5.8,5,-1
9309647757,6.5,3,2
9309647758,10.2,7,1
9309647759,7.4,5,2
9309647760,9.1,7,0
9309647761,7.1,2,-2
9309647762,4.9,2,-1
9309647763,4.9,7,4
9309647764,5.5,3,-1
9309647765,8.8,6,-2
9309647766,4.9,6,3
9309647767,2.7,6,4
9309647768,6.9,5,2
9309647769,1.9,6,0
9309647770,6.5,4,3
9309647771,4.9,5,2
9309647772,8.0,6,1
9309647773,4.5,7,0
9309647774,5.2,6,0
9309647775,8.8,5,3
9309647776,4.4,4,3
9309647777,5.8,8,5
9309647778,5.1,6,2
9309647779,4.2,4,-2
9309647780,5.5,6,3
9309647781,7.7,3,2
9309647782,3.1,4,4
9309647783,2.7,4,2
9309647784,4.6,8,-1
9309647785,5.2,2,-1
9309647786,5.1,5,3
9309647787,7.2,5,0
9309647788,5.4,7,2
9309647789,8.3,2,4
9309647790,5.7,6,-1
9309647791,7.7,6,3
9309647792,2.8,6,2
9309647793,1.7,2,3
9309647794,4.3,7,1
9309647795,8.3,7,-2
9309647796,3.9,4,2
9309647797,9.7,9,0
9309647798,7.0,7,4
9309647799,5.7,3,0
9309647800,9.4,8,1
9309647801,9.1,7,1
9309647802,9.9,9,2
9309647803,7.8,7,2
9309647804,8.7,8,0
9309647805,3.4,6,1
9309647806,8.5,7,-1
9309647807,6.0,7,-2
9309647808,6.8,2,0
9309647809,10.7,5,3
9309647810,6.2,8,3
9309647811,5.2,3,-1
9309647812,5.3,8,0
9309647813,8.6,3,3
9309647814,3.8,6,4
9309647815,6.7,6,-1
9309647816,5.2,8,1
9309647817,4.5,3,2
9309647818,5.5,4,3
9309647819,2.3,7,4
9309647820,8.4,9,-1
9309647821,3.3,1,3
9309647822,5.2,5,0
9309647823,8.0,5,2
9309647824,2.5,7,0
9309647825,5.8,7,2
9309647826,5.8,1,0
9309647827,9.2,1,3
9309647828,3.6,7,1
9309647829,6.3,6,4
9309647830,9.4,6,3
9309647831,7.5,3,3
9309647832,8.0,5,1
9309647833,5.5,3,1
9309647834,8.2,5,0
9309647835,10.8,7,0
9309647836,4.5,7,1
9309647837,6.0,3,0
9309647838,4.0,6,1
9309647839,6.0,7,5
9309647840,6.0,4,0
9309647841,5.3,5,2
9309647842,8.0,7,0
9309647843,6.5,2,0
9309647844,9.4,2,2
9309647845,5.0,5,1
9309647846,3.7,5,0
9309647847,7.3,6,4
9309647848,4.7,2,-1
9309647849,1.4,7,0
9309647850,5.3,7,0
9309647851,2.7,7,1
9309647852,10.5,1,2
9309647853,5.1,5,1
9309647854,1.8,4,0
9309647855,7.7,6,3
9309647856,6.4,7,3
9309647857,6.8,5,2
9309647858,6.2,9,4
9309647859,2.2,7,1
9309647860,6.3,2,2
9309647861,4.1,6,0
9309647862,5.3,5,0
9309647863,5.0,3,0
9309647864,6.3,5,0
9309647865,3.8,8,3
9309647866,10.1,5,2
9309647867,7.1,9,0
9309647868,6.3,2,-1
9309647869,4.4,2,3
9309647870,6.7,6,5
9309647871,5.3,7,-2
9309647872,8.2,5,0
9309647873,6.2,2,2
9309647874,4.4,3,0
9309647875,7.2,7,1
9309647876,8.5,5,2
9309647877,3.4,6,1
9309647878,2.5,6,3
9309647879,10.1,4,3
9309647880,5.6,6,0
9309647881,3.0,3,2
9309647882,4.7,5,1
9309647883,5.5,4,0
9309647884,7.5,7,4
9309647885,8.7,6,4
9309647886,8.8,8,3
9309647887,8.0,4,2
9309647888,3.2,4,-1
9309647889,10.0,8,5
9309647890,6.4,5,1
9309647891,5.5,5,5
9309647892,5.5,4,2
9309647893,10.8,4,1
9309647894,7.6,2,-1
9309647895,1.7,5,2
9309647896,6.3,2,3
9309647897,5.2,5,1
9309647898,7.0,6,0
9309647899,3.5,5,4
9309647900,7.7,6,3
9309647901,8.3,4,0
9309647902,1.9,4,2
9309647903,6.9,3,1
9309647904,3.5,3,0
9309647905,3.1,4,0
9309647906,8.0,3,0
9309647907,3.9,6,1
9309647908,7.8,5,2
9309647909,3.8,7,0
9309647910,6.5,5,-1
9309647911,3.5,8,3
9309647912,8.7,7,2
9309647913,3.6,10,1
9309647914,7.5,4,0
9309647915,3.9,4,1
9309647916,10.8,8,3
9309647917,2.3,6,0
9309647918,6.8,3,0
9309647919,11.2,7,0
9309647920,3.8,5,4
9309647921,6.9,1,-1
9309647922,4.5,6,2
9309647923,6.0,4,3
9309647924,7.7,6,-1
9309647925,8.8,1,0
9309647926,2.8,5,3
9309647927,7.8,6,1
9309647928,6.4,5,1
9309647929,4.0,5,0
9309647930,5.2,6,0
9309647931,4.5,6,1
9309647932,3.6,7,2
9309647933,4.8,7,0
9309647934,6.8,7,0
9309647935,5.8,5,2
9309647936,9.4,6,1
9309647937,7.0,6,1
9309647938,5.8,8,3
9309647939,8.2,10,1
9309647940,6.5,4,0
9309647941,9.3,6,5
9309647942,4.0,8,-1
9309647943,10.4,5,1
9309647944,9.8,5,2
9309647945,8.6,5,2
9309647946,4.5,7,1
9309647947,4.8,4,0
9309647948,6.0,3,0
9309647949,10.3,4,1
9309647950,5.5,3,0
9309647951,5.0,7,3
9309647952,6.7,3,2
9309647953,6.8,4,0
9309647954,6.2,3,1
9309647955,3.0,8,1
9309647956,1.6,9,0
9309647957,9.1,4,-1
9309647958,5.7,7,1
9309647959,6.9,3,4
9309647960,8.9,3,3
9309647961,4.9,6,0
9309647962,5.0,6,0
9309647963,8.2,5,0
9309647964,4.0,3,1
9309647965,5.0,3,-1
9309647966,6.3,3,-2
9309647967,4.2,6,0
9309647968,4.0,6,0
9309647969,7.3,5,3
9309647970,6.2,5,1
9309647971,5.8,5,2
9309647972,7.0,5,2
9309647973,7.7,5,1
9309647974,5.7,3,2
9309647975,4.0,5,0
9309647976,2.5,5,0
9309647977,5.7,6,2
9309647978,8.1,3,0
9309647979,2.5,3,3
9309647980,7.2,8,1
9309647981,9.3,5,0
9309647982,9.0,5,2
9309647983,4.6,2,2
9309647984,3.9,5,2
9309647985,8.6,2,4
9309647986,7.6,7,3
9309647987,8.1,3,0
9309647988,3.5,6,0
9309647989,1.9,8,4
9309647990,8.3,5,1
9309647991,2.0,4,1
9309647992,5.7,8,3
9309647993,6.0,7,1
9309647994,6.0,6,0
9309647995,8.2,7,-1
9309647996,10.4,1,1
9309647997,5.3,8,0
9309647998,2.6,1,0
9309647999,4.6,1,2
9309648000,7.8,8,2
9309648001,1.7,10,2
9309648002,4.0,4,2
9309648003,9.2,6,2
9309648004,8.4,7,2
9309648005,3.0,4,2
9309648006,4.3,4,1
9309648007,6.7,4,0
9309648008,6.2,5,1
9309648009,4.0,4,3
9309648010,9.4,6,2
9309648011,5.0,4,-1
9309648012,8.7,3,1
9309648013,7.5,1,2
9309648014,7.9,5,-2
9309648015,6.7,6,3
9309648016,8.8,4,3
9309648017,7.5,6,0
9309648018,4.8,6,1
9309648019,7.7,8,2
9309648020,9.1,2,3
9309648021,9.1,7,2
9309648022,9.7,1,2
9309648023,6.8,8,-1
9309648024,5.2,6,1
9309648025,7.2,7,2
9309648026,5.0,6,3
9309648027,5.9,3,2
9309648028,7.5,4,3
9309648029,5.3,8,3
9309648030,7.6,5,3
9309648031,9.7,4,1
9309648032,5.6,6,0
9309648033,8.9,6,1
9309648034,8.7,4,0
9309648035,4.3,3,2
9309648036,7.2,3,1
9309648037,1.4,8,1
9309648038,8.4,5,2
9309648039,8.0,3,0
9309648040,5.5,6,2
9309648041,6.2,7,2
9309648042,5.7,7,1
9309648043,8.2,4,0
9309648044,2.6,4,1
9309648045,5.5,3,3
9309648046,6.9,9,1
9309648047,8.9,10,0
9309648048,9.0,2,3
9309648049,6.0,6,2
9309648050,4.8,3,-1
9309648051,6.0,2,-1
9309648052,7.3,1,4
9309648053,3.1,4,1
9309648054,10.7,4,1
9309648055,6.2,7,0
9309648056,4.5,4,2
9309648057,5.0,6,-1
9309648058,8.2,1,3
9309648059,7.7,7,1
9309648060,9.8,7,3
9309648061,10.9,3,0
9309648062,9.8,3,0
9309648063,3.3,5,5
9309648064,9.3,3,0
9309648065,5.2,4,1
9309648066,9.4,4,3
9309648067,6.2,6,1
9309648068,8.4,7,0
9309648069,9.4,5,4
9309648070,7.9,7,1
9309648071,10.2,5,1
9309648072,5.8,8,3
9309648073,4.7,5,1
9309648074,5.8,5,1
9309648075,3.3,7,0
9309648076,1.2,4,0
9309648077,7.5,9,4
9309648078,8.3,8,2
9309648079,3.5,10,3
9309648080,6.5,8,0
9309648081,8.3,5,2
9309648082,5.4,7,2
9309648083,5.0,7,0
9309648084,2.6,10,0
9309648085,4.5,5,-2
9309648086,5.4,5,1
9309648087,5.6,4,1
9309648088,4.7,6,-1
9309648089,8.4,7,1
9309648090,8.1,6,1
9309648091,4.7,9,2
9309648092,7.2,5,0
9309648093,3.0,6,2
9309648094,5.5,5,-2
9309648095,6.4,4,2
9309648096,3.0,3,0
9309648097,8.2,7,1
9309648098,6.7,4,2
9309648099,4.3,5,0
9309648100,5.2,7,2
9309648101,4.5,3,1
9309648102,9.5,4,2
9309648103,4.8,7,2
9309648104,7.1,4,4
9309648105,10.3,4,2
9309648106,7.9,5,0
9309648107,7.8,5,2
9309648108,6.7,6,0
9309648109,8.4,2,0
9309648110,8.4,5,0
9309648111,5.2,5,0
9309648112,8.9,9,3
9309648113,3.1,6,2
9309648114,5.2,3,0
9309648115,3.6,7,0
9309648116,5.8,9,0
9309648117,1.2,7,1
9309648118,1.4,8,-1
9309648119,3.2,3,1
9309648120,4.5,5,2
9309648121,4.0,3,1
9309648122,3.9,6,3
9309648123,7.1,5,0
9309648124,6.5,6,1
9309648125,5.3,7,1
9309648126,1.2,1,0
9309648127,8.3,3,0
9309648128,7.3,4,3
9309648129,4.2,5,0
9309648130,7.8,3,3
9309648131,7.4,8,2
9309648132,9.6,7,0
9309648133,7.3,8,1
9309648134,7.7,7,-1
9309648135,4.5,8,1
9309648136,9.7,6,0
9309648137,6.7,2,3
9309648138,8.1,8,3
9309648139,6.0,4,0
9309648140,8.1,8,-1
9309648141,4.0,6,-1
9309648142,8.5,6,3
9309648143,7.6,4,3
9309648144,4.2,8,2
9309648145,7.0,5,1
9309648146,8.8,6,1
9309648147,9.6,2,4
9309648148,8.5,7,-1
9309648149,3.1,7,1
9309648150,5.3,2,4
9309648151,5.2,5,1
9309648152,4.5,6,1
9309648153,6.5,9,2
9309648154,3.9,8,1
9309648155,7.6,1,4
9309648156,8.1,4,-1
9309648157,4.8,3,0
9309648158,4.0,4,2
9309648159,6.2,3,-1
9309648160,5.7,5,0
9309648161,3.9,6,4
9309648162,9.6,6,0
9309648163,5.6,5,2
9309648164,3.5,5,2
9309648165,9.2,4,1
9309648166,8.6,6,4
9309648167,8.3,6,4
9309648168,2.0,2,4
9309648169,9.4,6,3
9309648170,7.8,4,2
9309648171,9.7,6,3
9309648172,9.1,6,3
9309648173,6.5,5,2
9309648174,5.2,5,-1
9309648175,5.3,9,0
9309648176,9.8,5,2
9309648177,6.6,4,3
9309648178,5.3,6,3
9309648179,4.0,5,-1
9309648180,4.8,8,0
9309648181,4.8,6,4
9309648182,10.2,9,2
9309648183,10.7,3,-1
9309648184,4.4,6,1
9309648185,5.8,5,1
9309648186,5.6,3,3
9309648187,6.6,5,2
9309648188,2.5,9,0
9309648189,4.5,6,3
9309648190,3.1,3,0
9309648191,3.0,7,3
9309648192,5.2,7,2
9309648193,6.7,7,3
9309648194,7.5,6,0
9309648195,3.6,6,0
9309648196,7.0,4,2
9309648197,5.3,3,0
9309648198,7.2,3,0
9309648199,2.5,3,2
9309648200,3.2,2,2
9309648201,3.8,7,4
9309648202,5.0,7,2
9309648203,6.7,3,1
9309648204,8.0,7,2
9309648205,6.6,5,2
9309648206,8.2,5,2
9309648207,6.8,3,1
9309648208,8.2,6,2
9309648209,8.2,7,4
9309648210,7.0,9,-1
9309648211,3.6,7,5
9309648212,11.2,6,0
9309648213,5.4,6,3
9309648214,3.5,8,4
9309648215,3.8,1,3
9309648216,9.2,3,0
9309648217,7.0,6,0
9309648218,3.4,8,2
9309648219,7.8,3,0
9309648220,9.3,4,0
9309648221,4.8,6,-1
9309648222,7.2,4,1
9309648223,7.2,6,0
9309648224,8.2,9,0
9309648225,4.3,5,1
9309648226,7.1,4,0
9309648227,7.2,5,0
9309648228,2.2,6,2
9309648229,7.8,6,0
9309648230,9.2,3,2
9309648231,8.8,3,0
9309648232,4.6,4,0
9309648233,5.8,3,2
9309648234,5.5,6,4
9309648235,3.0,6,3
9309648236,7.3,6,2
9309648237,6.5,7,1
9309648238,3.3,7,0
9309648239,5.9,10,0
9309648240,3.9,8,0
9309648241,4.6,6,2
9309648242,5.3,6,0
9309648243,3.0,7,0
9309648244,7.5,3,0
9309648245,2.5,3,3
9309648246,7.6,4,3
9309648247,1.6,4,1
9309648248,8.7,6,3
9309648249,10.2,3,4
9309648250,8.7,3,-1
9309648251,8.0,5,0
9309648252,10.3,3,4
9309648253,6.3,7,3
9309648254,10.4,3,2
9309648255,8.8,9,2
9309648256,5.0,5,1
9309648257,4.7,10,-1
9309648258,8.7,7,1
9309648259,6.7,7,3
9309648260,3.1,3,2
9309648261,4.4,5,3
9309648262,8.2,5,2
9309648263,3.8,6,2
9309648264,10.2,4,2
9309648265,7.9,8,2
9309648266,6.7,8,5
9309648267,5.2,4,3
9309648268,5.5,10,1
9309648269,3.6,4,1
9309648270,7.2,3,4
9309648271,6.0,4,2
9309648272,7.1,9,0
9309648273,8.0,5,0
9309648274,4.0,2,1
9309648275,8.8,7,-1
9309648276,7.8,3,0
9309648277,4.0,6,0
9309648278,4.5,5,1
9309648279,11.1,9,0
9309648280,2.0,1,2
9309648281,8.6,7,1
9309648282,3.4,7,-1
9309648283,7.2,5,0
9309648284,10.2,3,1
9309648285,6.5,4,2
9309648286,7.4,6,1
9309648287,9.7,6,2
9309648288,4.7,1,2
9309648289,3.6,6,3
9309648290,6.6,3,1
9309648291,8.6,5,4
9309648292,5.7,7,3
9309648293,5.5,6,1
9309648294,5.1,5,0
9309648295,7.5,5,0
9309648296,8.0,4,1
9309648297,10.4,4,0
9309648298,9.7,9,2
9309648299,1.4,8,0
9309648300,5.2,7,2
9309648301,9.8,9,0
9309648302,2.8,4,0
9309648303,8.4,9,2
9309648304,5.7,3,3
9309648305,9.3,4,4
9309648306,6.5,8,-1
9309648307,7.0,5,2
9309648308,6.2,6,4
9309648309,7.3,7,1
9309648310,3.5,7,5
9309648311,8.2,7,1
9309648312,3.9,5,4
9309648313,8.2,5,-1
9309648314,6.8,3,0
9309648315,5.0,9,3
9309648316,8.4,7,1
9309648317,5.2,5,0
9309648318,7.3,9,4
9309648319,10.7,6,1
9309648320,10.6,3,2
9309648321,7.1,8,2
9309648322,9.7,7,0
9309648323,2.1,7,3
9309648324,9.1,1,1
9309648325,8.0,5,1
9309648326,5.8,6,3
9309648327,10.6,3,-1
9309648328,4.8,5,3
9309648329,10.2,4,2
9309648330,1.8,7,3
9309648331,8.7,8,2
9309648332,4.8,10,3
9309648333,6.0,8,0
9309648334,2.5,4,0
9309648335,8.6,2,1
9309648336,6.1,5,4
9309648337,6.4,5,-1
9309648338,6.3,8,2
9309648339,8.3,6,0
9309648340,10.3,7,1
9309648341,5.8,6,0
9309648342,10.2,9,-1
9309648343,5.2,5,3
9309648344,8.8,3,1
9309648345,5.8,4,1
9309648346,2.8,3,0
9309648347,9.6,2,0
9309648348,9.4,5,1
9309648349,5.8,4,0
9309648350,1.8,4,1
9309648351,4.5,7,-1
9309648352,7.5,9,2
9309648353,2.5,5,2
9309648354,6.8,4,0
9309648355,3.6,2,2
9309648356,7.8,5,0
9309648357,3.1,5,-1
9309648358,7.0,3,5
9309648359,6.4,5,0
9309648360,5.3,9,-1
9309648361,6.8,6,2
9309648362,6.2,5,1
9309648363,7.8,3,1
9309648364,2.5,1,4
9309648365,7.3,2,2
9309648366,2.4,5,1
9309648367,3.7,3,1
9309648368,9.8,3,3
9309648369,6.3,5,0
9309648370,5.2,2,1
9309648371,2.4,9,3
9309648372,3.4,4,1
9309648373,6.7,6,2
9309648374,7.3,7,4
9309648375,4.5,4,1
9309648376,7.0,5,3
9309648377,6.5,3,4
9309648378,2.7,7,1
9309648379,7.2,2,-1
9309648380,6.5,5,0
9309648381,4.7,3,3
9309648382,7.3,4,2
9309648383,5.2,3,2
9309648384,5.8,2,1
9309648385,8.2,3,0
9309648386,7.4,4,0
9309648387,8.1,6,1
9309648388,8.2,8,1
9309648389,4.1,6,1
9309648390,5.2,5,1
9309648391,7.0,5,2
9309648392,9.6,3,0
9309648393,6.3,2,-1
9309648394,5.4,5,3
9309648395,6.8,6,1
9309648396,6.0,7,0
9309648397,8.7,8,0
9309648398,7.6,7,3
9309648399,2.2,6,2
9309648400,8.0,3,2
9309648401,5.8,5,2
9309648402,9.4,7,-1
9309648403,4.7,6,2
9309648404,5.2,3,-2
9309648405,9.1,6,3
9309648406,3.2,4,-1
9309648407,9.4,6,4
9309648408,10.2,6,1
9309648409,5.9,5,2
9309648410,5.2,4,0
9309648411,1.9,3,2
9309648412,6.7,2,2
9309648413,4.8,5,2
9309648414,7.5,7,2
9309648415,6.2,4,2
9309648416,8.0,2,0
9309648417,7.3,8,1
9309648418,4.1,6,1
9309648419,4.3,7,3
9309648420,3.1,5,4
9309648421,8.5,4,2
9309648422,3.6,6,1
9309648423,3.4,8,2
9309648424,9.7,4,3
9309648425,7.2,4,4
9309648426,3.6,8,-1
9309648427,7.7,7,1
9309648428,6.4,9,-1
9309648429,3.5,3,2
9309648430,6.2,2,2
9309648431,6.0,3,0
9309648432,2.8,6,0
9309648433,5.6,6,1
9309648434,8.4,5,2
9309648435,10.4,3,1
9309648436,4.7,5,3
9309648437,6.0,8,1
9309648438,9.6,8,1
9309648439,4.0,9,-2
9309648440,6.5,3,3
9309648441,2.0,7,3
9309648442,8.2,3,1
9309648443,3.3,3,-1
9309648444,5.4,8,0
9309648445,5.0,3,1
9309648446,7.8,8,4
9309648447,3.1,7,2
9309648448,7.5,2,0
9309648449,6.3,3,4
9309648450,4.8,5,0
9309648451,4.1,6,0
9309648452,3.6,6,3
9309648453,6.5,6,-2
9309648454,6.7,3,2
9309648455,5.0,5,-1
9309648456,3.2,9,1
9309648457,8.8,5,4
9309648458,10.4,3,1
9309648459,8.4,9,2
9309648460,6.2,4,2
9309648461,3.9,7,2
9309648462,3.4,2,0
9309648463,7.8,4,-1
9309648464,8.8,7,0
9309648465,3.1,3,1
9309648466,7.5,2,0
9309648467,2.6,6,0
9309648468,8.1,7,0
9309648469,8.3,8,-2
9309648470,6.3,5,4
9309648471,2.8,5,1
9309648472,8.1,5,3
9309648473,3.0,5,1
9309648474,5.6,4,0
9309648475,3.8,4,2
9309648476,5.3,9,4
9309648477,5.5,8,1
9309648478,6.3,5,1
9309648479,8.8,5,0
9309648480,2.4,9,5
9309648481,10.0,2,0
9309648482,4.3,5,0
9309648483,10.4,3,-1
9309648484,5.0,3,-1
9309648485,8.2,9,1
9309648486,6.8,4,4
9309648487,10.2,5,2
9309648488,5.7,7,4
9309648489,9.8,9,1
9309648490,3.4,8,0
9309648491,9.1,6,0
9309648492,4.5,6,4
9309648493,3.6,7,0
9309648494,3.2,6,0
9309648495,9.3,4,2
9309648496,6.2,4,0
9309648497,8.2,4,2
9309648498,1.5,4,2
9309648499,8.2,6,1
9309648500,6.9,8,1
9309648501,2.2,6,1
9309648502,5.1,7,2
9309648503,1.4,7,-1
9309648504,8.9,4,5
9309648505,7.7,3,1
9309648506,4.4,9,-1
9309648507,8.5,4,2
9309648508,4.6,5,2
9309648509,6.3,5,2
9309648510,5.6,3,1
9309648511,1.2,6,0
9309648512,8.5,7,1
9309648513,9.9,1,1
9309648514,6.1,7,3
9309648515,5.5,5,-1
9309648516,6.5,6,3
9309648517,8.0,4,1
9309648518,4.8,8,2
9309648519,8.8,5,-1
9309648520,6.2,2,1
9309648521,5.4,8,1
9309648522,4.5,6,0
9309648523,5.1,6,0
9309648524,9.8,5,0
9309648525,8.2,6,0
9309648526,1.6,6,-1
9309648527,8.0,4,1
9309648528,6.5,3,0
9309648529,9.2,6,2
9309648530,3.6,6,0
9309648531,6.3,5,2
9309648532,6.5,7,2
9309648533,5.5,3,0
9309648534,3.5,8,3
9309648535,7.5,6,1
9309648536,4.9,9,3
9309648537,1.6,5,1
9309648538,8.5,9,2
9309648539,1.6,5,0
9309648540,2.9,6,1
9309648541,6.2,6,2
9309648542,8.1,2,1
9309648543,3.9,6,0
9309648544,8.0,4,0
9309648545,7.0,8,0
9309648546,5.2,4,3
9309648547,9.6,3,1
9309648548,8.7,6,2
9309648549,7.8,8,-1
9309648550,4.0,8,0
9309648551,6.4,8,0
9309648552,5.6,1,4
9309648553,7.0,9,2
9309648554,4.5,4,3
9309648555,8.9,7,0
9309648556,7.5,8,1
9309648557,8.3,5,0
9309648558,3.6,3,2
9309648559,6.0,8,-1
9309648560,5.0,10,2
9309648561,5.5,4,1
9309648562,8.2,5,-2
9309648563,6.7,7,0
9309648564,4.4,5,2
9309648565,4.0,6,3
9309648566,9.3,6,2
9309648567,3.0,7,-1
9309648568,7.6,6,2
9309648569,6.2,2,0
9309648570,9.8,5,4
9309648571,6.3,6,3
9309648572,4.4,5,0
9309648573,3.9,5,1
9309648574,3.3,4,1
9309648575,6.1,2,4
9309648576,7.9,3,3
9309648577,1.9,5,3
9309648578,5.6,6,2
9309648579,9.8,4,2
9309648580,3.4,7,0
9309648581,5.8,6,0
9309648582,8.8,7,3
9309648583,4.5,8,1
9309648584,6.3,6,-1
9309648585,8.7,4,1
9309648586,1.4,4,-1
9309648587,3.0,5,2
9309648588,8.3,4,0
9309648589,9.9,4,1
9309648590,9.8,8,1
9309648591,7.1,6,2
9309648592,3.0,2,0
9309648593,2.9,6,0
9309648594,5.8,5,3
9309648595,5.4,7,0
9309648596,9.1,4,5
9309648597,3.6,7,2
9309648598,6.4,8,3
9309648599,8.4,7,1
9309648600,4.2,6,4
9309648601,9.3,5,1
9309648602,5.5,5,0
9309648603,4.7,9,0
9309648604,7.6,8,4
9309648605,4.5,4,3
9309648606,2.9,8,1
9309648607,6.7,5,1
9309648608,10.1,4,0
9309648609,4.3,8,2
9309648610,3.9,5,1
9309648611,5.2,5,5
9309648612,9.5,8,1
9309648613,6.5,2,1
9309648614,1.9,6,1
9309648615,6.8,9,2
9309648616,7.0,4,2
9309648617,7.8,5,2
9309648618,10.0,6,3
9309648619,3.5,9,0
9309648620,8.2,4,0
9309648621,8.7,6,2
9309648622,6.7,5,3
9309648623,4.9,5,1
9309648624,4.3,9,0
9309648625,10.5,3,1
9309648626,7.9,8,3
9309648627,7.0,8,-1
9309648628,9.0,2,2
9309648629,4.5,9,-1
9309648630,7.0,7,0
9309648631,10.1,7,0
9309648632,8.3,1,2
9309648633,6.2,5,2
9309648634,5.4,5,3
9309648635,3.8,4,1
9309648636,9.3,5,2
9309648637,6.2,7,1
9309648638,5.7,4,4
9309648639,6.3,7,3
9309648640,3.4,8,0
9309648641,9.0,6,5
9309648642,4.8,4,2
9309648643,6.8,6,1
9309648644,9.3,6,1
9309648645,6.3,5,1
9309648646,3.1,4,4
9309648647,3.4,6,2
9309648648,2.5,5,4
9309648649,3.4,5,0
9309648650,4.8,2,-1
9309648651,5.2,6,2
9309648652,9.1,8,3
9309648653,2.2,5,1
9309648654,10.3,5,-2
9309648655,4.2,6,0
9309648656,3.7,5,1
9309648657,4.1,5,2
9309648658,4.7,6,0
9309648659,6.2,4,3
9309648660,9.4,4,1
9309648661,6.3,6,0
9309648662,2.8,3,-1
9309648663,8.2,9,1
9309648664,2.9,6,3
9309648665,8.1,7,3
9309648666,7.9,3,4
9309648667,8.4,6,0
9309648668,3.9,4,2
9309648669,7.4,2,-1
9309648670,11.1,5,4
9309648671,7.5,5,1
9309648672,6.0,3,1
9309648673,8.2,3,1
9309648674,4.2,4,2
9309648675,5.8,5,2
9309648676,9.6,7,4
9309648677,4.9,5,1
9309648678,4.5,7,4
9309648679,8.8,3,0
9309648680,4.8,6,2
9309648681,3.0,4,2
9309648682,1.9,5,2
9309648683,6.2,6,2
9309648684,2.9,3,1
9309648685,5.3,10,0
9309648686,3.8,3,1
9309648687,7.8,7,3
9309648688,10.1,5,4
9309648689,8.9,4,4
9309648690,7.8,7,2
9309648691,8.1,6,0
9309648692,9.5,8,0
9309648693,3.1,7,2
9309648694,7.2,7,2
9309648695,4.9,6,0
9309648696,10.6,4,0
9309648697,10.2,2,2
9309648698,3.5,2,-1
9309648699,9.4,5,1
9309648700,6.3,5,2
9309648701,8.8,2,0
9309648702,7.0,3,1
9309648703,3.0,5,0
9309648704,4.1,4,2
9309648705,4.8,3,3
9309648706,8.2,4,2
9309648707,6.2,5,0
9309648708,8.8,4,0
9309648709,7.7,1,0
9309648710,6.3,7,0
9309648711,7.4,6,1
9309648712,8.7,6,2
9309648713,7.1,7,4
9309648714,7.2,5,2
9309648715,7.2,2,2
9309648716,8.0,5,1
9309648717,7.8,5,3
9309648718,8.2,5,1
9309648719,8.8,6,4
9309648720,9.4,6,5
9309648721,9.6,6,4
9309648722,10.5,6,0
9309648723,8.6,5,2
9309648724,7.3,9,4
9309648725,1.9,4,3
9309648726,6.3,5,-1
9309648727,1.6,7,0
9309648728,3.0,4,0
9309648729,1.3,3,2
9309648730,1.6,5,3
9309648731,4.2,6,3
9309648732,7.2,6,5
9309648733,5.0,3,3
9309648734,5.3,4,2
9309648735,6.1,9,2
9309648736,10.4,8,-1
9309648737,7.8,5,4
9309648738,9.8,6,2
9309648739,7.6,8,2
9309648740,3.0,3,2
9309648741,6.8,8,1
9309648742,7.3,6,3
9309648743,2.1,5,4
9309648744,10.6,6,2
9309648745,3.4,5,3
9309648746,4.3,8,2
9309648747,8.2,7,1
9309648748,8.2,3,1
9309648749,6.7,3,1
9309648750,11.0,5,1
9309648751,7.5,2,0
9309648752,4.3,1,2
9309648753,11.2,7,0
9309648754,7.7,2,3
9309648755,5.5,1,1
9309648756,5.5,2,0
9309648757,5.8,6,4
9309648758,8.9,4,0
9309648759,10.4,7,3
9309648760,2.1,2,1
9309648761,6.8,6,0
9309648762,3.9,7,3
9309648763,3.8,5,-1
9309648764,4.8,8,2
9309648765,7.2,1,2
9309648766,2.4,5,-1
9309648767,4.1,4,0
9309648768,9.2,3,2
9309648769,4.8,5,2
9309648770,4.8,5,2
9309648771,4.7,5,1
9309648772,9.7,6,0
9309648773,6.8,5,0
9309648774,8.4,7,0
9309648775,5.9,8,3
9309648776,10.8,5,1
9309648777,4.1,3,0
9309648778,4.9,7,-1
9309648779,3.8,5,2
9309648780,7.7,6,4
9309648781,7.4,6,1
9309648782,3.2,9,3
9309648783,9.1,3,1
9309648784,2.5,5,2
9309648785,4.8,8,-1
9309648786,8.8,8,2
9309648787,4.5,6,0
9309648788,4.5,6,-1
9309648789,4.0,4,0
9309648790,6.2,6,2
9309648791,4.7,1,2
9309648792,7.2,7,0
9309648793,1.9,7,1
9309648794,2.7,1,2
9309648795,10.1,9,3
9309648796,7.8,7,0
9309648797,3.2,9,0
9309648798,5.2,5,1
9309648799,8.9,5,0
9309648800,8.9,3,1
9309648801,7.0,5,1
9309648802,7.5,8,0
9309648803,2.5,4,0
9309648804,5.0,5,3
9309648805,7.8,5,4
9309648806,5.5,8,0
9309648807,3.8,8,5
9309648808,7.0,5,0
9309648809,9.1,8,2
9309648810,10.4,6,2
9309648811,7.5,4,3
9309648812,8.3,2,2
9309648813,6.3,1,1
9309648814,7.0,5,1
9309648815,4.2,4,0
9309648816,4.5,4,1
9309648817,6.5,3,2
9309648818,8.6,6,-2
9309648819,7.5,4,-1
9309648820,3.6,6,-1
9309648821,4.7,7,1
9309648822,4.0,3,-1
9309648823,2.2,6,2
9309648824,9.0,7,0
9309648825,3.6,2,4
9309648826,5.3,1,2
9309648827,7.8,3,2
9309648828,2.5,4,2
9309648829,4.1,8,2
9309648830,7.0,8,-2
9309648831,8.8,3,-2
9309648832,8.9,4,4
9309648833,6.7,1,1
9309648834,4.8,7,3
9309648835,7.2,7,0
9309648836,7.2,7,1
9309648837,5.5,10,2
9309648838,5.5,4,0
9309648839,7.9,3,0
9309648840,6.8,2,2
9309648841,2.4,5,5
9309648842,7.7,5,0
9309648843,4.8,5,2
9309648844,3.9,7,2
9309648845,2.8,3,1
9309648846,10.8,9,1
9309648847,6.2,3,0
9309648848,4.9,2,0
9309648849,6.0,4,0
9309648850,8.6,6,2
9309648851,5.9,5,2
9309648852,8.1,4,0
9309648853,5.7,2,3
9309648854,3.5,6,3
9309648855,8.9,6,2
9309648856,3.5,5,0
9309648857,8.6,5,-1
9309648858,8.2,8,-1
9309648859,8.2,4,3
9309648860,4.8,6,0
9309648861,8.2,5,3
9309648862,10.2,2,2
9309648863,4.5,8,0
9309648864,2.8,3,1
9309648865,4.3,2,0
9309648866,7.7,4,2
9309648867,5.3,2,0
9309648868,8.2,6,2
9309648869,4.7,5,3
9309648870,6.0,8,0
9309648871,1.9,2,0
9309648872,4.5,4,2
9309648873,3.5,7,2
9309648874,3.9,2,2
9309648875,6.0,6,-1
9309648876,10.3,6,0
9309648877,7.3,5,2
9309648878,3.6,5,1
9309648879,4.5,4,3
9309648880,8.9,6,2
9309648881,1.7,7,2
9309648882,4.5,6,0
9309648883,5.0,5,0
9309648884,7.3,5,2
9309648885,9.6,5,0
9309648886,6.5,5,1
9309648887,10.8,4,3
9309648888,3.4,8,2
9309648889,10.6,5,1
9309648890,9.3,2,0
9309648891,8.0,4,0
9309648892,6.4,7,-1
9309648893,5.0,1,0
9309648894,7.5,4,-1
9309648895,1.1,5,2
9309648896,1.9,2,0
9309648897,7.4,5,2
9309648898,6.2,4,1
9309648899,5.8,4,1
9309648900,3.1,6,1
9309648901,11.2,6,2
9309648902,2.3,7,5
9309648903,6.6,7,3
9309648904,8.1,8,2
9309648905,7.8,7,1
9309648906,9.8,7,2
9309648907,6.8,7,1
9309648908,4.2,6,4
9309648909,3.8,6,1
9309648910,9.2,3,-1
9309648911,6.0,4,1
9309648912,8.6,9,1
9309648913,3.3,4,0
9309648914,10.2,4,0
9309648915,5.0,7,0
9309648916,8.8,3,-1
9309648917,2.8,5,4
9309648918,2.5,7,1
9309648919,8.1,5,-1
9309648920,1.8,8,3
9309648921,5.2,7,-1
9309648922,6.5,6,0
9309648923,5.5,2,2
9309648924,6.0,3,2
9309648925,3.6,8,3
9309648926,10.6,9,4
9309648927,6.0,5,2
9309648928,4.3,6,0
9309648929,3.5,4,-1
9309648930,4.8,9,0
9309648931,3.5,7,4
9309648932,2.2,7,0
9309648933,8.1,4,2
9309648934,4.6,5,0
9309648935,7.5,1,0
9309648936,4.7,5,4
9309648937,7.2,3,1
9309648938,3.3,5,0
9309648939,4.5,6,3
9309648940,6.7,4,2
9309648941,3.0,6,1
9309648942,8.4,2,1
9309648943,6.5,3,2
9309648944,10.0,2,3
9309648945,8.8,8,0
9309648946,6.8,9,0
9309648947,8.3,5,0
9309648948,2.9,3,1
9309648949,3.4,5,3
9309648950,7.2,6,3
9309648951,8.9,8,0
9309648952,8.0,7,1
9309648953,7.0,6,1
9309648954,4.0,8,-1
9309648955,5.2,6,0
9309648956,3.6,9,0
9309648957,4.7,8,2
9309648958,3.6,5,1
9309648959,4.5,5,2
9309648960,7.0,5,2
9309648961,6.3,7,5
9309648962,8.0,5,0
9309648963,2.9,8,3
9309648964,6.8,4,2
9309648965,7.0,9,1
9309648966,4.9,8,1
9309648967,8.1,2,2
9309648968,3.6,8,2
9309648969,8.2,1,0
9309648970,9.7,4,3
9309648971,5.6,4,0
9309648972,7.8,6,0
9309648973,3.7,5,1
9309648974,4.5,6,0
9309648975,5.7,7,3
9309648976,7.6,8,2
9309648977,1.7,8,3
9309648978,4.8,3,1
9309648979,5.6,6,3
9309648980,2.6,3,2
9309648981,8.9,5,0
9309648982,6.6,3,1
9309648983,5.0,6,0
9309648984,2.2,4,1
9309648985,4.8,7,-1
9309648986,4.2,8,2
9309648987,6.6,5,3
9309648988,5.1,7,3
9309648989,8.6,5,2
9309648990,10.3,2,4
9309648991,3.9,5,0
9309648992,5.5,4,0
9309648993,4.7,5,2
9309648994,6.8,3,0
9309648995,3.4,5,-2
9309648996,7.5,3,1
9309648997,8.6,2,4
9309648998,5.2,4,1
9309648999,5.3,3,5
9309649000,4.8,5,2
9309649001,3.7,6,3
9309649002,10.6,5,0
9309649003,2.8,5,0
9309649004,1.6,3,0
9309649005,2.6,4,0
9309649006,9.0,4,1
9309649007,2.9,9,4
9309649008,6.5,4,2
9309649009,5.3,6,2
9309649010,7.7,4,-1
9309649011,4.9,9,0
9309649012,3.6,6,-1
9309649013,7.2,7,3
9309649014,3.5,7,3
9309649015,5.5,3,0
9309649016,6.9,2,0
9309649017,7.0,4,0
9309649018,9.5,7,0
9309649019,3.0,3,2
9309649020,4.7,6,2
9309649021,6.3,3,2
9309649022,5.3,4,2
9309649023,2.5,7,0
9309649024,5.9,6,1
9309649025,6.3,7,1
9309649026,3.5,9,0
9309649027,8.0,6,3
9309649028,4.8,7,1
9309649029,7.0,8,2
9309649030,8.1,6,3
9309649031,5.6,5,0
9309649032,6.4,6,2
9309649033,7.4,7,0
9309649034,7.8,4,1
9309649035,5.5,6,2
9309649036,6.5,1,2
9309649037,2.1,2,1
9309649038,2.9,4,1
9309649039,8.9,3,2
9309649040,6.2,9,1
9309649041,4.8,4,-1
9309649042,5.0,8,0
9309649043,5.0,6,1
9309649044,7.2,7,3
9309649045,7.3,4,1
9309649046,4.8,4,1
9309649047,7.0,5,2
9309649048,5.7,4,0
9309649049,9.2,4,1
9309649050,9.5,6,1
9309649051,10.0,3,0
9309649052,9.3,4,2
9309649053,8.9,5,1
9309649054,5.0,8,1
9309649055,9.8,4,3
9309649056,4.7,9,0
9309649057,7.8,4,1
9309649058,6.4,3,1
9309649059,4.2,5,2
9309649060,9.6,8,-1
9309649061,4.5,2,0
9309649062,4.0,8,1
9309649063,3.4,5,0
9309649064,3.8,9,3
9309649065,7.7,3,1
9309649066,3.0,3,0
9309649067,10.1,4,2
9309649068,9.2,1,0
9309649069,2.5,8,0
9309649070,9.1,3,1
9309649071,2.9,4,1
9309649072,8.6,6,1
9309649073,7.0,2,0
9309649074,3.3,4,3
9309649075,8.0,8,-1
9309649076,6.3,5,0
9309649077,10.6,4,-1
9309649078,7.8,5,4
9309649079,8.9,5,2
9309649080,6.2,9,2
9309649081,3.0,5,0
9309649082,8.2,6,0
9309649083,7.0,4,-1
9309649084,6.5,4,2
9309649085,3.1,5,1
9309649086,9.9,4,-1
9309649087,8.8,4,1
9309649088,5.8,6,1
9309649089,3.2,2,2
9309649090,5.0,7,-1
9309649091,8.3,5,0
9309649092,4.5,5,1
9309649093,9.7,6,2
9309649094,6.8,3,4
9309649095,2.9,4,0
9309649096,2.9,2,4
9309649097,8.0,8,3
9309649098,5.3,6,1
9309649099,4.2,2,1
9309649100,10.6,4,0
9309649101,7.8,6,1
9309649102,4.7,8,0
9309649103,7.0,9,2
9309649104,8.4,9,2
9309649105,9.7,3,4
9309649106,7.8,7,-1
9309649107,2.7,8,-1
9309649108,5.5,5,-1
9309649109,4.5,7,2
9309649110,9.3,9,0
9309649111,8.0,9,-1
9309649112,9.7,5,3
9309649113,4.8,7,2
9309649114,6.0,6,0
9309649115,5.1,3,1
9309649116,9.6,4,1
9309649117,7.5,5,0
9309649118,10.3,1,2
9309649119,2.8,7,0
9309649120,5.3,6,0
9309649121,10.2,2,2
9309649122,4.2,9,1
9309649123,5.7,6,3
9309649124,3.9,3,3
9309649125,5.6,2,3
9309649126,4.0,7,0
9309649127,11.1,10,1
9309649128,5.0,5,0
9309649129,10.7,5,-2
9309649130,3.1,5,2
9309649131,5.0,4,3
9309649132,6.2,4,-1
9309649133,2.0,8,1
9309649134,4.8,6,0
9309649135,7.0,3,0
9309649136,9.8,4,-1
9309649137,7.8,3,4
9309649138,4.6,6,1
9309649139,7.0,4,2
9309649140,6.6,2,3
9309649141,5.8,5,1
9309649142,6.1,5,1
9309649143,4.0,6,-2
9309649144,2.5,2,-1
9309649145,5.5,3,0
9309649146,4.3,7,3
9309649147,7.2,3,0
9309649148,10.8,3,-1
9309649149,8.3,5,0
9309649150,5.3,2,0
9309649151,10.3,5,2
9309649152,7.5,1,1
9309649153,8.8,5,0
9309649154,7.0,6,2
9309649155,5.8,5,1
9309649156,3.7,2,2
9309649157,7.5,2,2
9309649158,5.3,4,1
9309649159,4.4,7,2
9309649160,4.0,10,2
9309649161,2.2,2,1
9309649162,4.2,7,2
9309649163,5.6,6,1
9309649164,4.2,6,1
9309649165,4.0,5,1
9309649166,10.2,9,-2
9309649167,8.8,6,0
9309649168,7.7,5,2
9309649169,6.2,7,-1
9309649170,2.4,7,4
9309649171,4.5,7,1
9309649172,5.0,7,1
9309649173,5.0,7,0
9309649174,8.8,4,2
9309649175,9.0,5,2
9309649176,7.3,5,0
9309649177,7.0,5,4
9309649178,3.7,9,4
9309649179,1.2,1,0
9309649180,2.5,5,0
9309649181,6.5,7,0
9309649182,6.3,3,1
9309649183,8.6,4,2
9309649184,8.5,4,-1
9309649185,5.7,2,4
9309649186,7.9,4,3
9309649187,8.4,6,-2
9309649188,5.8,9,0
9309649189,11.0,5,1
9309649190,2.4,6,2
9309649191,5.8,6,-1
9309649192,8.9,5,0
9309649193,7.2,8,4
9309649194,8.9,5,0
9309649195,4.9,1,1
9309649196,2.7,2,0
9309649197,4.8,6,4
9309649198,8.0,7,1
9309649199,3.5,9,1
9309649200,3.0,6,-1
9309649201,5.9,8,1
9309649202,7.0,3,4
9309649203,7.7,5,2
9309649204,2.9,3,3
9309649205,6.2,5,4
9309649206,1.3,3,0
9309649207,1.9,3,1
9309649208,8.3,8,2
9309649209,3.2,2,0
9309649210,8.7,6,-2
9309649211,4.5,5,0
9309649212,4.4,8,0
9309649213,9.2,3,-2
9309649214,7.1,5,3
9309649215,4.9,4,1
9309649216,6.5,6,-1
9309649217,3.6,7,2
9309649218,3.2,1,3
9309649219,4.0,2,4
9309649220,9.8,5,-2
9309649221,5.7,3,2
9309649222,5.2,2,1
9309649223,2.7,3,5
9309649224,4.0,7,0
9309649225,10.7,2,0
9309649226,7.2,6,3
9309649227,9.0,4,1
9309649228,4.6,6,0
9309649229,6.1,7,0
9309649230,4.9,3,0
9309649231,7.5,6,-1
9309649232,9.4,6,1
9309649233,6.5,6,0
9309649234,2.1,2,0
9309649235,7.4,5,4
9309649236,6.4,2,0
9309649237,2.6,3,1
9309649238,2.5,4,2
9309649239,7.2,6,0
9309649240,9.3,7,0
9309649241,2.9,7,0
9309649242,4.2,4,4
9309649243,4.7,5,0
9309649244,11.4,5,0
9309649245,5.0,8,1
9309649246,7.2,4,1
9309649247,5.8,7,2
9309649248,7.4,10,0
9309649249,6.7,5,1
9309649250,6.3,1,3
9309649251,9.8,9,-2
9309649252,4.7,2,3
9309649253,5.1,7,0
9309649254,8.1,6,4
9309649255,4.2,7,1
9309649256,10.2,7,4
9309649257,8.0,4,1
9309649258,5.7,5,4
9309649259,2.2,6,0
9309649260,9.9,5,1
9309649261,6.3,4,0
9309649262,8.4,9,0
9309649263,10.0,6,2
9309649264,10.4,7,4
9309649265,7.6,5,1
9309649266,5.8,5,2
9309649267,7.2,9,0
9309649268,3.8,4,1
9309649269,5.8,8,1
9309649270,4.0,6,2
9309649271,4.9,7,3
9309649272,4.5,7,1
9309649273,5.8,2,0
9309649274,8.3,3,1
9309649275,2.5,8,0
9309649276,6.0,7,4
9309649277,8.9,3,3
9309649278,3.6,9,4
9309649279,2.2,7,1
9309649280,6.0,4,3
9309649281,7.9,6,1
9309649282,10.4,2,0
9309649283,9.9,7,0
9309649284,8.0,3,1
9309649285,4.7,3,0
9309649286,5.8,4,1
9309649287,4.5,8,0
9309649288,10.4,8,0
9309649289,4.3,6,1
9309649290,4.7,4,2
9309649291,4.2,5,3
9309649292,10.5,3,0
9309649293,7.8,4,2
9309649294,10.7,5,1
9309649295,11.0,8,0
9309649296,7.4,5,0
9309649297,7.8,10,1
9309649298,7.1,7,0
9309649299,3.5,9,0
9309649300,4.1,1,2
9309649301,7.1,10,2
9309649302,7.2,5,0
9309649303,5.7,6,3
9309649304,9.8,7,1
9309649305,9.8,3,-1
9309649306,5.7,5,0
9309649307,9.2,2,2
9309649308,9.1,7,2
9309649309,7.0,6,1
9309649310,6.3,5,4
9309649311,4.8,5,2
9309649312,6.1,7,3
9309649313,5.1,1,1
9309649314,4.0,9,2
9309649315,6.8,6,3
9309649316,2.6,4,2
9309649317,4.3,3,2
9309649318,3.1,5,-1
9309649319,9.2,6,4
9309649320,4.5,8,1
9309649321,8.2,8,2
9309649322,1.4,5,2
9309649323,6.5,6,4
9309649324,6.0,7,0
9309649325,9.8,6,3
9309649326,5.0,5,3
9309649327,3.6,9,0
9309649328,9.2,5,2
9309649329,8.3,3,0
9309649330,3.1,2,2
9309649331,5.5,5,0
9309649332,9.0,5,1
9309649333,7.5,9,0
9309649334,9.2,6,0
9309649335,7.8,6,2
9309649336,7.2,6,4
9309649337,9.7,4,-1
9309649338,1.9,6,1
9309649339,4.7,4,2
9309649340,10.1,2,0
9309649341,4.8,4,2
9309649342,5.4,7,4
9309649343,8.2,5,0
9309649344,9.8,5,0
9309649345,9.0,5,2
9309649346,8.4,5,2
9309649347,6.1,8,2
9309649348,4.6,8,-2
9309649349,6.3,5,2
9309649350,8.8,4,3
9309649351,8.2,4,3
9309649352,8.9,5,2
9309649353,7.5,4,2
9309649354,5.8,6,3
9309649355,8.3,5,0
9309649356,5.3,4,-1
9309649357,7.5,6,4
9309649358,1.6,5,5
9309649359,4.0,4,3
9309649360,6.3,9,2
9309649361,7.3,6,0
9309649362,8.2,5,0
9309649363,3.0,9,0
9309649364,8.3,4,0
9309649365,6.2,4,1
9309649366,9.3,7,2
9309649367,5.5,5,2
9309649368,8.4,9,-1
9309649369,4.6,5,0
9309649370,5.3,4,2
9309649371,9.6,4,0
9309649372,6.7,4,0
9309649373,6.2,5,4
9309649374,3.9,10,0
9309649375,8.9,5,3
9309649376,9.2,4,2
9309649377,8.0,6,1
9309649378,5.5,2,0
9309649379,7.8,5,1
9309649380,5.7,4,3
9309649381,1.9,6,2
9309649382,5.3,6,-1
9309649383,4.5,5,2
9309649384,5.5,6,2
9309649385,6.0,3,4
9309649386,4.7,5,0
9309649387,8.4,3,4
9309649388,2.2,8,0
9309649389,7.2,6,3
9309649390,2.2,8,-1
9309649391,3.7,6,1
9309649392,10.8,7,3
9309649393,10.6,4,1
9309649394,4.2,2,1
9309649395,4.7,8,0
9309649396,3.2,4,0
9309649397,7.6,6,0
9309649398,6.3,6,2
9309649399,3.1,9,1
9309649400,6.8,5,4
9309649401,7.4,2,5
9309649402,3.5,3,2
9309649403,8.2,5,3
9309649404,6.2,5,2
9309649405,3.6,5,-1
9309649406,7.2,4,2
9309649407,4.2,9,3
9309649408,4.0,6,2
9309649409,6.4,1,3
9309649410,7.3,5,1
9309649411,4.8,6,4
9309649412,3.4,4,0
9309649413,10.6,6,1
9309649414,7.7,4,1
9309649415,4.7,9,1
9309649416,6.0,9,0
9309649417,7.7,9,1
9309649418,5.0,6,0
9309649419,3.1,4,1
9309649420,2.9,8,2
9309649421,4.5,7,2
9309649422,8.0,6,1
9309649423,4.5,5,3
9309649424,9.2,8,3
9309649425,5.5,7,3
9309649426,6.3,5,0
9309649427,2.4,5,0
9309649428,9.2,9,3
9309649429,6.5,6,0
9309649430,4.0,3,0
9309649431,4.0,6,0
9309649432,10.5,4,3
9309649433,6.5,7,3
9309649434,7.7,6,2
9309649435,5.0,1,2
9309649436,2.2,9,0
9309649437,2.6,6,-1
9309649438,3.5,2,0
9309649439,10.2,6,1
9309649440,6.4,9,1
9309649441,2.4,4,0
9309649442,3.1,7,1
9309649443,4.2,9,1
9309649444,8.4,4,0
9309649445,6.0,5,0
9309649446,9.3,8,2
9309649447,3.8,4,0
9309649448,5.3,5,2
9309649449,4.8,9,3
9309649450,5.6,5,0
9309649451,4.8,7,4
9309649452,7.4,5,0
9309649453,9.4,8,2
9309649454,10.4,6,3
9309649455,7.8,9,1
9309649456,7.4,8,0
9309649457,8.1,5,4
9309649458,9.2,9,3
9309649459,4.4,1,3
9309649460,3.5,6,1
9309649461,8.6,4,1
9309649462,9.1,5,2
9309649463,7.4,6,2
9309649464,4.1,3,5
9309649465,4.5,3,0
9309649466,8.4,3,3
9309649467,7.0,5,0
9309649468,9.6,3,1
9309649469,4.8,5,3
9309649470,2.5,7,-2
9309649471,4.0,5,1
9309649472,5.4,6,-1
9309649473,3.8,5,1
9309649474,4.4,5,2
9309649475,1.4,3,3
9309649476,9.1,8,1
9309649477,5.5,7,0
9309649478,7.2,6,0
9309649479,8.6,2,3
9309649480,6.0,3,0
9309649481,8.6,6,3
9309649482,7.0,8,3
9309649483,6.1,2,0
9309649484,2.8,4,2
9309649485,7.8,5,2
9309649486,8.9,6,-1
9309649487,5.5,2,2
9309649488,8.2,8,2
9309649489,7.6,2,0
9309649490,5.2,6,0
9309649491,3.0,2,3
9309649492,10.9,4,1
9309649493,2.9,9,-2
9309649494,3.8,7,3
9309649495,2.6,8,2
9309649496,5.4,9,0
9309649497,10.5,7,0
9309649498,3.0,1,1
9309649499,9.9,3,3
9309649500,5.0,2,2
9309649501,8.8,5,2
9309649502,9.9,2,3
9309649503,9.0,6,4
9309649504,9.4,7,0
9309649505,7.2,7,3
9309649506,7.5,6,2
9309649507,7.0,7,-1
9309649508,6.3,3,2
9309649509,6.4,1,4
9309649510,3.9,3,1
9309649511,4.5,4,1
9309649512,5.5,6,1
9309649513,6.0,1,1
9309649514,6.3,4,1
9309649515,4.6,6,1
9309649516,9.5,5,0
9309649517,7.8,10,1
9309649518,3.5,6,1
9309649519,6.2,4,5
9309649520,2.6,7,1
9309649521,10.5,7,0
9309649522,4.5,4,0
9309649523,4.0,5,4
9309649524,8.2,1,0
9309649525,7.7,6,2
9309649526,7.5,8,3
9309649527,4.8,9,2
9309649528,2.5,3,2
9309649529,2.8,6,-2
9309649530,7.1,3,0
9309649531,4.5,5,4
9309649532,8.7,5,-1
9309649533,5.6,6,4
9309649534,9.1,10,0
9309649535,2.8,8,-1
9309649536,8.0,7,3
9309649537,4.3,8,-1
9309649538,5.8,2,2
9309649539,7.0,4,0
9309649540,2.2,5,0
9309649541,8.2,7,4
9309649542,3.6,4,1
9309649543,1.8,8,5
9309649544,10.4,6,0
9309649545,2.5,7,3
9309649546,8.6,8,0
9309649547,8.3,4,3
9309649548,5.9,3,1
9309649549,8.0,6,-1
9309649550,8.7,6,0
9309649551,4.6,4,-1
9309649552,6.6,9,2
9309649553,9.2,6,1
9309649554,8.2,5,2
9309649555,2.6,5,0
9309649556,8.1,4,4
9309649557,2.2,5,0
9309649558,6.0,5,3
9309649559,4.5,3,0
9309649560,7.2,7,2
9309649561,6.3,5,1
9309649562,7.4,6,0
9309649563,6.3,8,-1
9309649564,1.1,5,0
9309649565,8.8,7,0
9309649566,7.0,7,3
9309649567,4.3,1,2
9309649568,7.8,7,1
9309649569,3.1,5,0
9309649570,8.3,2,2
9309649571,2.0,3,0
9309649572,6.0,7,1
9309649573,7.8,9,3
9309649574,9.7,8,0
9309649575,5.6,5,0
9309649576,10.4,5,-2
9309649577,5.5,3,4
9309649578,8.1,7,2
9309649579,2.7,6,2
9309649580,11.2,6,3
9309649581,8.3,7,0
9309649582,7.3,8,1
9309649583,9.3,6,0
9309649584,9.7,8,1
9309649585,10.7,5,1
9309649586,5.1,5,1
9309649587,9.0,7,1
9309649588,6.7,6,3
9309649589,7.9,6,0
9309649590,6.7,6,3
9309649591,2.8,7,1
9309649592,5.1,6,2
9309649593,5.5,6,1
9309649594,4.9,9,2
9309649595,6.0,5,3
9309649596,5.9,6,-1
9309649597,4.1,3,3
9309649598,6.0,8,0
9309649599,3.5,7,3
9309649600,7.2,5,3
9309649601,4.7,9,3
9309649602,4.2,4,2
9309649603,8.6,5,2
9309649604,3.5,6,0
9309649605,3.5,5,2
9309649606,5.7,5,0
9309649607,3.9,4,1
9309649608,3.0,6,2
9309649609,5.0,3,3
9309649610,10.7,8,0
9309649611,2.6,4,2
9309649612,5.7,3,4
9309649613,5.7,8,1
9309649614,8.6,9,4
9309649615,4.5,4,2
9309649616,6.2,4,3
9309649617,4.5,6,0
9309649618,5.2,4,0
9309649619,5.8,6,3
9309649620,8.2,5,-1
9309649621,9.5,4,2
9309649622,6.0,4,3
9309649623,10.3,3,2
9309649624,11.3,6,4
9309649625,9.2,5,2
9309649626,8.7,3,1
9309649627,7.3,5,-1
9309649628,8.8,5,0
9309649629,2.8,9,0
9309649630,6.7,7,1
9309649631,8.2,3,2
9309649632,8.9,6,2
9309649633,8.4,7,2
9309649634,4.1,5,2
9309649635,7.4,3,1
9309649636,4.3,5,0
9309649637,10.5,6,-1
9309649638,6.0,4,0
9309649639,6.7,6,2
9309649640,6.6,1,1
9309649641,5.2,4,-1
9309649642,4.0,5,2
9309649643,5.7,3,1
9309649644,5.7,4,3
9309649645,6.4,5,1
9309649646,8.7,6,-1
9309649647,6.0,4,4
9309649648,11.3,6,1
9309649649,3.1,6,2
9309649650,9.0,5,1
9309649651,2.2,4,1
9309649652,10.6,8,1
9309649653,5.2,2,1
9309649654,6.3,1,0
9309649655,8.8,7,0
9309649656,4.7,6,0
9309649657,8.4,7,1
9309649658,10.1,5,1
9309649659,5.6,5,2
9309649660,7.5,3,2
9309649661,9.2,3,1
9309649662,10.3,5,0
9309649663,8.7,7,1
9309649664,8.2,4,2
9309649665,4.4,5,1
9309649666,2.4,7,3
9309649667,9.8,4,0
9309649668,6.8,6,0
9309649669,9.6,7,1
9309649670,8.1,8,0
9309649671,7.2,3,2
9309649672,4.8,7,3
9309649673,1.7,4,2
9309649674,7.1,6,2
9309649675,5.2,2,2
9309649676,3.2,8,0
9309649677,4.7,6,0
9309649678,7.5,3,4
9309649679,8.0,2,2
9309649680,7.9,7,2
9309649681,8.3,2,3
9309649682,7.2,9,-2
9309649683,4.3,6,1
9309649684,3.0,5,1
9309649685,7.6,4,3
9309649686,4.0,4,0
9309649687,8.2,6,0
9309649688,9.1,4,3
9309649689,4.0,5,3
9309649690,6.0,4,1
9309649691,6.7,6,2
9309649692,8.2,3,0
9309649693,3.0,5,3
9309649694,3.7,5,3
9309649695,4.1,8,4
9309649696,5.2,6,-1
9309649697,5.8,6,1
9309649698,4.7,4,0
9309649699,3.8,9,0
9309649700,5.2,9,3
9309649701,5.8,7,0
9309649702,8.2,3,1
9309649703,7.4,3,4
9309649704,3.4,5,1
9309649705,7.0,7,2
9309649706,5.8,5,2
9309649707,3.0,6,-1
9309649708,9.4,5,4
9309649709,9.0,2,-1
9309649710,5.5,7,-2
9309649711,3.0,5,2
9309649712,2.6,7,0
9309649713,8.8,4,-1
9309649714,4.5,3,1
9309649715,8.8,7,0
9309649716,7.4,5,0
9309649717,8.8,3,0
9309649718,5.7,3,0
9309649719,4.8,2,0
9309649720,10.9,8,2
9309649721,7.8,5,-2
9309649722,5.2,10,-2
9309649723,3.6,9,1
9309649724,6.2,6,0
9309649725,10.2,1,1
9309649726,6.5,3,-1
9309649727,7.5,10,1
9309649728,4.6,5,1
9309649729,7.6,7,3
9309649730,7.0,9,4
9309649731,8.4,9,0
9309649732,10.3,4,0
9309649733,5.5,5,0
9309649734,2.6,4,0
9309649735,7.0,4,-1
9309649736,6.2,5,0
9309649737,10.3,3,0
9309649738,8.7,6,1
9309649739,7.1,5,2
9309649740,5.2,4,4
9309649741,6.7,1,3
9309649742,6.3,5,1
9309649743,8.3,5,4
9309649744,3.2,7,2
9309649745,8.7,9,3
9309649746,4.9,3,3
9309649747,9.8,2,0
9309649748,6.8,3,-1
9309649749,8.6,5,4
9309649750,7.6,7,1
9309649751,8.4,9,2
9309649752,8.1,6,2
9309649753,9.3,5,4
9309649754,3.9,5,2
9309649755,8.2,6,2
9309649756,5.8,8,3
9309649757,5.0,4,0
9309649758,9.1,5,-1
9309649759,5.9,8,1
9309649760,6.7,8,-1
9309649761,5.6,4,0
9309649762,10.0,3,2
9309649763,4.6,5,0
9309649764,6.5,7,2
9309649765,3.3,7,3
9309649766,3.5,5,0
9309649767,2.8,3,4
9309649768,6.5,5,0
9309649769,7.9,2,0
9309649770,5.5,4,0
9309649771,4.0,2,-1
9309649772,10.6,8,1
9309649773,10.5,8,1
9309649774,4.2,2,2
9309649775,4.9,7,-1
9309649776,7.0,3,1
9309649777,6.4,7,1
9309649778,10.2,5,4
9309649779,5.5,7,1
9309649780,9.6,1,0
9309649781,2.2,6,1
9309649782,3.1,9,2
9309649783,9.9,5,1
9309649784,5.9,6,2
9309649785,6.8,5,2
9309649786,4.0,8,1
9309649787,2.7,9,3
9309649788,9.2,7,1
9309649789,7.5,7,1
9309649790,5.2,7,2
9309649791,4.8,5,2
9309649792,4.5,4,4
9309649793,4.8,3,0
9309649794,3.5,4,-1
9309649795,7.2,2,0
9309649796,3.8,3,0
9309649797,3.7,7,4
9309649798,8.8,3,0
9309649799,9.2,8,0
9309649800,4.0,4,-1
9309649801,9.8,5,0
9309649802,6.2,5,3
9309649803,4.6,4,1
9309649804,10.1,8,3
9309649805,5.0,7,0
9309649806,3.0,6,4
9309649807,4.4,2,2
9309649808,5.8,6,2
9309649809,7.0,7,1
9309649810,7.5,7,1
9309649811,9.2,6,3
9309649812,9.1,4,-1
9309649813,4.7,7,3
9309649814,4.4,1,1
9309649815,7.0,5,3
9309649816,8.9,6,1
9309649817,6.5,7,3
9309649818,6.8,8,1
9309649819,8.3,6,1
9309649820,7.3,5,3
9309649821,9.3,8,0
9309649822,8.2,7,0
9309649823,6.3,7,2
9309649824,4.3,4,-2
9309649825,5.0,7,-1
9309649826,6.8,5,4
9309649827,4.3,7,1
9309649828,7.5,6,1
9309649829,6.0,4,4
9309649830,2.8,6,3
9309649831,9.2,3,3
9309649832,8.6,5,1
9309649833,7.2,6,1
9309649834,5.3,3,1
9309649835,5.7,6,3
9309649836,4.0,2,0
9309649837,9.2,2,3
9309649838,1.9,2,1
9309649839,9.6,9,1
9309649840,7.6,9,0
9309649841,5.6,8,-1
9309649842,5.7,1,0
9309649843,6.8,2,3
9309649844,4.9,3,1
9309649845,7.0,1,4
9309649846,6.5,7,-1
9309649847,4.3,3,0
9309649848,9.9,4,1
9309649849,6.5,3,0
9309649850,8.0,4,1
9309649851,9.9,3,2
9309649852,6.0,8,3
9309649853,4.0,2,2
9309649854,8.6,3,0
9309649855,7.3,7,1
9309649856,8.2,8,0
9309649857,7.5,5,2
9309649858,8.1,1,0
9309649859,8.2,1,2
9309649860,8.1,3,2
9309649861,7.2,5,3
9309649862,5.7,5,0
9309649863,6.5,7,3
9309649864,3.8,8,1
9309649865,5.2,4,2
9309649866,8.3,6,1
9309649867,8.4,5,2
9309649868,5.8,5,1
9309649869,9.2,2,3
9309649870,5.6,6,0
9309649871,3.1,9,-1
9309649872,7.4,6,0
9309649873,7.9,5,3
9309649874,9.3,4,1
9309649875,8.1,8,2
9309649876,4.8,9,2
9309649877,7.1,8,0
9309649878,4.7,3,1
9309649879,6.0,6,-2
9309649880,8.9,6,-2
9309649881,8.9,7,0
9309649882,7.4,2,-1
9309649883,5.8,4,1
9309649884,7.7,7,5
9309649885,9.8,8,2
9309649886,10.2,5,3
9309649887,5.6,7,3
9309649888,5.0,6,0
9309649889,5.0,6,0
9309649890,4.7,8,3
9309649891,7.6,9,3
9309649892,8.4,5,1
9309649893,4.7,3,0
9309649894,6.5,8,0
9309649895,11.2,4,0
9309649896,8.7,6,2
9309649897,9.3,7,4
9309649898,8.6,3,2
9309649899,5.3,4,2
9309649900,3.0,2,1
9309649901,4.8,4,-1
9309649902,8.3,6,-1
9309649903,10.3,5,-1
9309649904,7.7,2,-1
9309649905,8.4,2,2
9309649906,8.8,5,2
9309649907,4.9,3,-1
9309649908,3.5,6,3
9309649909,2.9,6,0
9309649910,4.4,3,2
9309649911,3.8,5,0
9309649912,9.9,8,0
9309649913,6.1,8,0
9309649914,10.1,3,0
9309649915,9.9,4,0
9309649916,9.2,6,2
9309649917,3.5,5,3
9309649918,11.2,7,2
9309649919,4.2,5,0
9309649920,3.1,6,2
9309649921,8.2,2,0
9309649922,4.5,3,1
9309649923,5.4,9,4
9309649924,5.0,7,0
9309649925,6.0,2,-2
9309649926,3.9,9,2
9309649927,5.3,3,-1
9309649928,8.6,3,3
9309649929,9.8,4,0
9309649930,8.9,8,1
9309649931,5.5,4,2
9309649932,2.9,7,0
9309649933,7.2,6,-1
9309649934,6.7,6,3
9309649935,7.0,4,0
9309649936,4.5,6,3
9309649937,3.5,6,2
9309649938,8.4,5,3
9309649939,9.4,10,1
9309649940,8.6,4,0
9309649941,4.0,6,1
9309649942,3.4,8,1
9309649943,4.6,7,0
9309649944,3.0,3,-1
9309649945,6.6,9,3
9309649946,8.2,1,4
9309649947,5.2,5,2
9309649948,7.3,6,-1
9309649949,5.5,3,2
9309649950,7.2,5,0
9309649951,8.7,5,4
9309649952,4.9,4,0
9309649953,8.6,5,1
9309649954,8.4,4,-1
9309649955,6.3,5,0
9309649956,4.0,4,-1
9309649957,3.5,7,1
9309649958,7.7,3,2
9309649959,7.7,9,2
9309649960,4.0,3,2
9309649961,7.7,8,1
9309649962,4.5,9,0
9309649963,6.2,2,0
9309649964,6.1,3,1
9309649965,10.7,1,3
9309649966,3.2,4,1
9309649967,9.7,8,2
9309649968,3.9,5,2
9309649969,5.7,4,1
9309649970,4.8,5,-1
9309649971,8.4,6,4
9309649972,7.2,5,2
9309649973,5.0,5,1
9309649974,6.2,4,2
9309649975,6.7,4,3
9309649976,2.5,3,1
9309649977,6.2,8,0
9309649978,6.5,5,1
9309649979,7.7,4,4
9309649980,9.2,7,5
9309649981,9.1,9,3
9309649982,9.8,2,1
9309649983,4.2,5,0
9309649984,3.4,6,1
9309649985,5.6,6,1
9309649986,4.2,2,-2
9309649987,3.9,5,0
9309649988,5.5,6,0
9309649989,6.3,6,1
9309649990,3.6,8,2
9309649991,7.4,4,0
9309649992,6.5,4,2
9309649993,3.1,5,-1
9309649994,3.9,4,3
9309649995,5.2,2,1
9309649996,10.8,3,1
9309649997,2.8,10,0
9309649998,4.0,7,2
9309649999,3.4,3,-1
9309650000,3.7,4,-1
9309650001,7.5,6,4
9309650002,9.5,3,1
9309650003,6.0,8,0
9309650004,5.0,8,0
9309650005,3.4,2,2
9309650006,5.8,5,4
9309650007,7.5,6,0
9309650008,9.5,9,0
9309650009,8.4,8,-1
9309650010,10.7,5,1
9309650011,4.5,2,1
9309650012,5.7,2,2
9309650013,3.2,6,0
9309650014,8.3,3,1
9309650015,10.4,7,0
9309650016,8.0,4,3
9309650017,4.9,5,1
9309650018,7.4,9,-1
9309650019,7.0,3,1
9309650020,4.8,7,2
9309650021,5.0,4,1
9309650022,8.2,5,0
9309650023,1.9,8,0
9309650024,4.5,7,4
9309650025,5.2,6,0
9309650026,4.0,5,3
9309650027,7.3,2,0
9309650028,1.5,5,-1
9309650029,4.3,3,4
9309650030,1.9,4,2
9309650031,7.6,7,1
9309650032,6.8,7,4
9309650033,6.5,3,2
9309650034,6.5,5,1
9309650035,9.7,4,0
9309650036,3.8,4,3
9309650037,6.7,5,3
9309650038,6.1,6,0
9309650039,5.3,5,4
9309650040,8.0,6,5
9309650041,8.8,9,2
9309650042,8.4,3,0
9309650043,10.8,4,2
9309650044,9.4,8,-1
9309650045,6.4,4,1
9309650046,3.5,9,-1
9309650047,5.1,4,2
9309650048,7.2,9,-1
9309650049,5.5,5,4
9309650050,3.0,5,2
9309650051,7.8,9,1
9309650052,6.6,8,0
9309650053,4.8,5,0
9309650054,4.7,9,0
9309650055,5.1,5,0
9309650056,9.4,8,2
9309650057,8.0,8,2
9309650058,7.5,5,-1
9309650059,3.2,6,4
9309650060,5.9,8,0
9309650061,4.2,6,3
9309650062,4.2,6,2
9309650063,9.1,9,2
9309650064,9.9,6,1
9309650065,3.5,6,3
9309650066,4.0,9,1
9309650067,7.3,7,-1
9309650068,7.7,4,1
9309650069,7.2,7,0
9309650070,7.5,7,1
9309650071,3.2,3,3
9309650072,10.8,9,3
9309650073,7.6,5,0
9309650074,3.7,6,2
9309650075,2.8,9,1
9309650076,8.9,8,-2
9309650077,8.6,6,1
9309650078,2.6,6,2
9309650079,3.9,5,0
9309650080,7.4,4,1
9309650081,6.2,3,-1
9309650082,9.9,7,1
9309650083,9.8,8,0
9309650084,7.8,4,3
9309650085,7.2,9,0
9309650086,9.1,6,1
9309650087,4.8,1,1
9309650088,4.5,4,2
9309650089,7.9,5,4
9309650090,8.4,5,0
9309650091,7.3,5,2
9309650092,2.7,4,2
9309650093,5.4,3,0
9309650094,7.5,6,1
9309650095,3.8,7,3
9309650096,7.2,5,0
9309650097,6.6,5,1
9309650098,7.8,4,2
9309650099,3.2,6,0
9309650100,7.6,3,-1
9309650101,4.3,5,-1
9309650102,5.8,4,5
9309650103,7.1,5,4
9309650104,7.2,3,0
9309650105,4.2,5,0
9309650106,6.2,5,2
9309650107,7.8,7,0
9309650108,10.2,5,2
9309650109,8.4,6,-1
9309650110,6.9,6,-1
9309650111,6.7,6,1
9309650112,6.2,4,2
9309650113,3.0,6,2
9309650114,10.8,6,2
9309650115,4.8,4,1
9309650116,1.6,5,3
9309650117,7.0,4,2
9309650118,6.8,6,3
9309650119,4.5,5,4
9309650120,3.9,7,-1
9309650121,3.0,4,4
9309650122,7.6,2,1
9309650123,3.6,6,3
9309650124,4.2,8,2
9309650125,6.2,5,2
9309650126,3.5,8,0
9309650127,8.4,5,0
9309650128,7.6,9,1
9309650129,9.9,7,2
9309650130,3.5,2,4
9309650131,7.8,5,2
9309650132,3.4,5,0
9309650133,3.9,7,1
9309650134,8.7,8,2
9309650135,5.6,3,2
9309650136,4.3,4,2
9309650137,6.3,6,1
9309650138,10.1,7,0
9309650139,7.0,4,0
9309650140,6.8,5,1
9309650141,2.2,1,3
9309650142,4.0,5,2
9309650143,8.6,8,3
9309650144,5.7,9,0
9309650145,2.0,6,4
9309650146,8.1,9,1
9309650147,7.2,4,0
9309650148,6.5,1,-1
9309650149,6.2,10,-1
9309650150,9.1,6,0
9309650151,5.5,5,2
9309650152,6.5,5,1
9309650153,9.7,2,1
9309650154,8.3,5,2
9309650155,9.2,8,1
9309650156,4.5,5,2
9309650157,3.8,5,2
9309650158,9.9,4,1
9309650159,5.0,3,2
9309650160,6.8,6,2
9309650161,8.8,9,3
9309650162,2.9,6,0
9309650163,6.4,3,1
9309650164,3.6,2,3
9309650165,5.0,4,2
9309650166,4.8,4,1
9309650167,9.4,9,-1
9309650168,4.5,8,2
9309650169,2.6,6,1
9309650170,4.0,5,2
9309650171,6.5,8,3
9309650172,6.3,7,1
9309650173,4.3,5,3
9309650174,3.6,6,1
9309650175,6.0,5,3
9309650176,5.7,5,0
9309650177,5.2,1,2
9309650178,6.4,8,0
9309650179,2.0,4,1
9309650180,2.5,4,3
9309650181,3.9,5,2
9309650182,5.8,7,-1
9309650183,6.3,8,3
9309650184,4.5,5,0
9309650185,3.2,5,2
9309650186,7.3,6,1
9309650187,4.2,4,2
9309650188,3.5,5,2
9309650189,4.0,10,2
9309650190,7.8,4,1
9309650191,7.2,7,1
9309650192,7.5,7,0
9309650193,5.8,4,-1
9309650194,9.2,4,1
9309650195,3.9,3,4
9309650196,7.2,4,-1
9309650197,4.9,7,2
9309650198,9.1,6,2
9309650199,8.6,2,-1
9309650200,7.2,9,1
9309650201,4.9,6,0
9309650202,4.7,5,1
9309650203,4.1,8,2
9309650204,6.3,6,2
9309650205,8.2,4,0
9309650206,5.0,4,-1
9309650207,4.4,5,2
9309650208,4.2,7,0
9309650209,6.8,6,1
9309650210,3.5,5,5
9309650211,5.2,1,0
9309650212,10.8,9,1
9309650213,2.5,8,2
9309650214,9.2,2,2
9309650215,9.1,9,4
9309650216,9.7,5,2
9309650217,7.2,4,1
9309650218,7.5,3,1
9309650219,8.7,4,-1
9309650220,7.0,4,3
9309650221,4.4,8,1
9309650222,8.6,3,0
9309650223,4.5,5,1
9309650224,4.2,4,3
9309650225,5.7,5,0
9309650226,4.8,6,5
9309650227,6.5,3,3
9309650228,3.1,4,3
9309650229,7.5,3,2
9309650230,5.6,8,-1
9309650231,8.9,8,1
9309650232,5.7,1,1
9309650233,6.5,3,2
9309650234,7.8,6,0
9309650235,7.2,9,1
9309650236,6.0,6,4
9309650237,5.3,9,1
9309650238,10.8,3,2
9309650239,4.2,5,3
9309650240,9.5,4,1
9309650241,6.8,2,4
9309650242,4.8,4,4
9309650243,8.0,5,2
9309650244,2.8,5,0
9309650245,9.6,4,0
9309650246,8.4,9,3
9309650247,2.1,7,0
9309650248,5.8,5,3
9309650249,7.9,8,0
9309650250,3.4,5,5
9309650251,8.8,5,2
9309650252,5.5,4,4
9309650253,11.2,3,0
9309650254,5.7,5,1
9309650255,10.6,3,4
9309650256,9.6,4,-1
9309650257,8.3,5,3
9309650258,9.9,8,0
9309650259,4.0,5,0
9309650260,1.1,3,0
9309650261,6.8,5,4
9309650262,7.4,8,2
9309650263,4.5,4,4
9309650264,8.2,4,0
9309650265,3.3,5,4
9309650266,8.9,6,5
9309650267,6.8,7,1
9309650268,4.5,5,2
9309650269,4.2,1,2
9309650270,8.0,8,2
9309650271,7.1,6,1
9309650272,1.9,10,-1
9309650273,10.2,1,2
9309650274,4.2,5,2
9309650275,5.7,3,0
9309650276,3.8,4,1
9309650277,6.2,5,0
9309650278,4.0,8,3
9309650279,3.5,5,3
9309650280,7.9,9,1
9309650281,7.3,5,2
9309650282,8.4,7,1
9309650283,8.2,4,3
9309650284,5.1,8,3
9309650285,5.5,1,-1
9309650286,9.4,2,1
9309650287,6.2,3,4
9309650288,8.9,5,0
9309650289,5.0,5,4
9309650290,3.5,7,2
9309650291,6.5,5,4
9309650292,9.2,7,3
9309650293,9.1,7,2
9309650294,8.2,4,2
9309650295,6.2,5,-1
9309650296,8.4,3,1
9309650297,9.1,1,2
9309650298,7.4,2,3
9309650299,5.2,6,3
9309650300,8.2,6,0
9309650301,6.3,9,4
9309650302,8.7,7,2
9309650303,8.8,4,0
9309650304,4.7,2,5
9309650305,4.4,7,1
9309650306,4.5,7,0
9309650307,1.8,2,0
9309650308,2.2,5,0
9309650309,7.0,5,2
9309650310,5.6,2,0
9309650311,6.0,6,4
9309650312,2.2,5,-1
9309650313,11.2,5,2
9309650314,8.6,9,0
9309650315,10.1,6,3
9309650316,5.8,7,2
9309650317,8.3,1,2
9309650318,9.9,5,-1
9309650319,5.0,5,3
9309650320,7.0,5,4
9309650321,7.7,9,0
9309650322,6.5,4,1
9309650323,10.4,6,2
9309650324,9.3,7,3
9309650325,9.3,7,4
9309650326,6.8,5,-1
9309650327,4.0,5,2
9309650328,6.5,4,0
9309650329,6.8,5,1
9309650330,7.9,5,1
9309650331,9.9,2,0
9309650332,5.3,7,-1
9309650333,7.8,6,1
9309650334,8.8,3,0
9309650335,2.8,3,3
9309650336,7.5,4,1
9309650337,9.3,8,2
9309650338,8.4,3,3
9309650339,5.8,3,1
9309650340,8.6,8,2
9309650341,5.4,6,1
9309650342,5.8,8,4
9309650343,4.3,2,0
9309650344,3.2,5,-1
9309650345,6.4,5,2
9309650346,7.3,9,1
9309650347,7.0,2,3
9309650348,6.3,3,-1
9309650349,6.4,6,-1
9309650350,4.2,3,3
9309650351,3.8,6,3
9309650352,7.5,8,5
9309650353,8.1,5,0
9309650354,5.8,5,0
9309650355,4.8,7,-1
9309650356,2.5,5,1
9309650357,7.7,5,1
9309650358,3.0,5,0
9309650359,7.3,7,2
9309650360,5.2,9,4
9309650361,8.4,6,2
9309650362,4.0,7,1
9309650363,8.2,6,-1
9309650364,8.8,6,0
9309650365,7.7,7,-1
9309650366,8.4,6,0
9309650367,5.2,8,1
9309650368,5.2,9,-1
9309650369,7.0,8,3
9309650370,8.2,5,1
9309650371,4.2,3,0
9309650372,6.9,7,2
9309650373,9.1,6,4
9309650374,8.7,5,3
9309650375,5.9,7,3
9309650376,4.8,3,4
9309650377,4.2,6,0
9309650378,4.8,3,4
9309650379,7.5,5,0
9309650380,7.2,3,2
9309650381,3.2,7,3
9309650382,6.8,6,2
9309650383,7.5,8,1
9309650384,4.5,8,3
9309650385,6.8,3,0
9309650386,6.2,5,2
9309650387,8.0,6,4
9309650388,2.9,1,2
9309650389,1.9,8,1
9309650390,8.2,4,2
9309650391,9.4,5,5
9309650392,8.8,6,1
9309650393,4.4,6,1
9309650394,5.7,4,0
9309650395,6.5,6,1
9309650396,7.5,5,1
9309650397,8.7,7,-1
9309650398,5.7,4,4
9309650399,2.6,5,0
9309650400,7.2,8,0
9309650401,6.5,6,1
9309650402,8.4,2,0
9309650403,2.9,5,2
9309650404,8.8,3,4
9309650405,6.9,8,1
9309650406,4.2,3,0
9309650407,6.2,1,0
9309650408,9.5,5,0
9309650409,2.4,5,0
9309650410,5.0,7,2
9309650411,7.2,1,1
9309650412,6.5,7,-1
9309650413,8.8,7,2
9309650414,2.0,8,3
9309650415,7.8,5,2
9309650416,9.0,5,3
9309650417,9.4,5,0
9309650418,4.0,4,3
9309650419,9.3,5,2
9309650420,11.4,1,2
9309650421,10.2,3,2
9309650422,2.8,5,4
9309650423,4.2,2,-2
9309650424,7.7,4,1
9309650425,8.4,5,1
9309650426,5.5,7,1
9309650427,6.9,3,-1
9309650428,2.8,4,3
9309650429,4.7,6,2
9309650430,11.1,3,-1
9309650431,7.5,5,0
9309650432,5.2,9,0
9309650433,5.5,1,0
9309650434,2.0,5,3
9309650435,10.0,6,2
9309650436,4.5,3,2
9309650437,8.1,5,2
9309650438,3.5,1,2
9309650439,6.0,6,1
9309650440,7.0,2,2
9309650441,7.8,8,2
9309650442,1.8,6,0
9309650443,4.7,6,1
9309650444,8.2,5,-1
9309650445,5.2,7,-1
9309650446,3.4,6,0
9309650447,5.2,2,3
9309650448,6.8,4,-1
9309650449,8.8,3,0
9309650450,7.2,3,1
9309650451,4.3,3,0
9309650452,2.4,8,1
9309650453,7.3,9,2
9309650454,6.8,6,4
9309650455,8.1,6,0
9309650456,5.0,7,1
9309650457,6.9,5,1
9309650458,3.0,5,-1
9309650459,2.2,2,4
9309650460,6.9,4,3
9309650461,4.3,9,4
9309650462,4.2,6,0
9309650463,5.3,7,4
9309650464,3.4,7,2
9309650465,2.8,2,1
9309650466,4.7,5,1
9309650467,5.2,3,3
9309650468,9.5,6,0
9309650469,9.0,5,0
9309650470,10.5,4,0
9309650471,8.2,4,0
9309650472,9.2,8,1
9309650473,3.5,9,2
9309650474,2.5,5,2
9309650475,6.0,7,0
9309650476,9.1,7,3
9309650477,7.8,8,1
9309650478,5.0,5,2
9309650479,8.1,2,4
9309650480,5.7,10,-2
9309650481,5.8,5,1
9309650482,2.0,5,1
9309650483,7.7,5,0
9309650484,4.6,7,2
9309650485,3.2,1,4
9309650486,5.8,4,1
9309650487,5.3,3,1
9309650488,6.0,5,1
9309650489,1.8,5,2
9309650490,7.0,3,2
9309650491,7.0,7,2
9309650492,4.2,4,-1
9309650493,9.4,3,0
9309650494,5.7,9,0
9309650495,5.3,4,1
9309650496,8.9,5,0
9309650497,7.1,8,4
9309650498,5.3,9,2
9309650499,8.2,3,1
9309650500,5.0,6,1
9309650501,9.4,7,-1
9309650502,4.6,7,1
9309650503,4.7,4,2
9309650504,9.6,5,0
9309650505,7.2,8,0
9309650506,2.1,6,2
9309650507,6.2,3,3
9309650508,4.5,2,3
9309650509,9.5,6,5
9309650510,5.8,5,2
9309650511,5.7,6,1
9309650512,6.6,7,1
9309650513,3.4,5,-1
9309650514,10.6,5,-1
9309650515,8.7,6,3
9309650516,7.5,6,0
9309650517,8.4,3,0
9309650518,6.2,3,2
9309650519,4.8,7,1
9309650520,9.2,6,1
9309650521,6.6,9,0
9309650522,8.8,3,5
9309650523,4.2,5,0
9309650524,4.7,4,1
9309650525,8.0,3,1
9309650526,11.4,6,3
9309650527,5.2,6,1
9309650528,4.3,6,1
9309650529,2.7,6,2
9309650530,4.0,5,0
9309650531,2.9,7,0
9309650532,11.3,3,3
9309650533,6.2,5,-1
9309650534,6.8,7,4
9309650535,6.0,4,0
9309650536,4.2,4,0
9309650537,4.2,5,0
9309650538,10.6,5,1
9309650539,4.6,7,1
9309650540,5.5,8,1
9309650541,2.7,9,0
9309650542,6.5,4,0
9309650543,9.3,7,2
9309650544,8.1,6,2
9309650545,11.2,6,0
9309650546,4.6,2,3
9309650547,5.4,6,1
9309650548,6.8,5,1
9309650549,5.2,5,-1
9309650550,2.3,8,0
9309650551,6.8,7,1
9309650552,2.6,8,4
9309650553,3.1,4,1
9309650554,2.9,5,2
9309650555,9.5,5,1
9309650556,9.8,6,1
9309650557,5.0,6,0
9309650558,3.9,7,3
9309650559,4.6,4,3
9309650560,8.8,7,1
9309650561,9.2,7,1
9309650562,4.5,9,4
9309650563,8.6,4,1
9309650564,5.1,5,3
9309650565,4.3,6,4
9309650566,5.5,5,1
9309650567,4.6,7,3
9309650568,8.1,2,1
9309650569,9.8,2,4
9309650570,6.9,5,1
9309650571,2.9,7,1
9309650572,4.2,1,2
9309650573,11.2,6,3
9309650574,3.4,4,3
9309650575,6.0,7,2
9309650576,4.3,9,1
9309650577,7.1,9,4
9309650578,3.6,6,1
9309650579,8.2,4,1
9309650580,8.2,2,3
9309650581,4.0,5,0
9309650582,7.9,5,4
9309650583,5.0,9,1
9309650584,5.3,3,2
9309650585,4.0,3,3
9309650586,5.5,4,2
9309650587,5.4,5,0
9309650588,7.2,5,1
9309650589,8.9,6,-2
9309650590,2.9,4,3
9309650591,9.7,4,0
9309650592,7.2,5,2
9309650593,10.1,3,2
9309650594,5.0,9,2
9309650595,8.4,8,3
9309650596,9.8,6,4
9309650597,4.0,3,1
9309650598,3.2,7,2
9309650599,8.7,2,0
9309650600,5.5,4,1
9309650601,4.9,3,1
9309650602,7.0,5,3
9309650603,5.9,2,3
9309650604,4.7,4,4
9309650605,4.1,6,-1
9309650606,10.2,5,-1
9309650607,9.4,4,2
9309650608,7.7,5,1
9309650609,8.5,6,1
9309650610,7.7,5,3
9309650611,6.8,4,0
9309650612,9.3,1,4
9309650613,3.5,6,2
9309650614,8.6,8,-1
9309650615,3.2,3,1
9309650616,5.7,7,2
9309650617,10.9,5,4
9309650618,8.8,8,1
9309650619,4.2,7,2
9309650620,3.5,4,-1
9309650621,8.7,4,2
9309650622,3.8,4,1
9309650623,9.8,5,3
9309650624,7.8,5,1
9309650625,3.8,10,3
9309650626,8.0,4,2
9309650627,4.2,5,0
9309650628,6.0,6,0
9309650629,6.4,2,2
9309650630,2.1,5,0
9309650631,8.6,6,-1
9309650632,4.3,6,0
9309650633,3.2,3,1
9309650634,3.7,7,1
9309650635,8.2,9,-1
9309650636,4.5,4,-1
9309650637,6.3,6,0
9309650638,4.5,5,3
9309650639,1.9,5,5
9309650640,6.5,3,2
9309650641,3.1,3,2
9309650642,7.8,3,0
9309650643,7.8,8,3
9309650644,10.3,7,0
9309650645,9.2,8,-2
9309650646,7.2,1,2
9309650647,9.9,4,0
9309650648,8.9,3,1
9309650649,4.8,8,-1
9309650650,8.2,3,0
9309650651,5.0,1,0
9309650652,3.5,4,0
9309650653,2.3,5,0
9309650654,6.0,5,1
9309650655,7.6,4,2
9309650656,8.2,5,0
9309650657,8.3,8,4
9309650658,2.9,8,2
9309650659,6.7,4,0
9309650660,6.1,5,0
9309650661,3.8,5,0
9309650662,9.7,5,2
9309650663,6.5,8,1
9309650664,3.7,7,1
9309650665,10.4,8,1
9309650666,4.8,6,2
9309650667,7.2,6,1
9309650668,8.2,3,0
9309650669,5.5,4,0
9309650670,8.2,6,3
9309650671,7.0,6,2
9309650672,6.7,5,1
9309650673,1.6,7,3
9309650674,7.3,6,1
9309650675,4.4,4,0
9309650676,6.4,8,0
9309650677,9.6,8,2
9309650678,8.6,5,-1
9309650679,5.9,1,3
9309650680,7.3,5,4
9309650681,7.5,4,1
9309650682,1.9,6,2
9309650683,4.0,7,0
9309650684,10.2,3,2
9309650685,8.8,6,4
9309650686,7.2,4,1
9309650687,6.2,2,1
9309650688,3.5,8,1
9309650689,8.4,3,2
9309650690,8.7,3,3
9309650691,9.8,7,3
9309650692,5.2,4,1
9309650693,10.2,5,-2
9309650694,10.6,5,2
9309650695,3.8,5,4
9309650696,4.9,3,1
9309650697,4.0,7,-1
9309650698,5.5,4,0
9309650699,6.8,3,-1
9309650700,8.0,6,-1
9309650701,7.9,7,4
9309650702,8.6,4,0
9309650703,9.7,10,5
9309650704,7.1,6,2
9309650705,6.5,4,0
9309650706,4.1,2,4
9309650707,4.4,7,3
9309650708,5.5,4,4
9309650709,7.4,5,2
9309650710,7.7,4,-1
9309650711,3.5,8,3
9309650712,3.9,5,-1
9309650713,7.2,4,3
9309650714,7.0,8,4
9309650715,11.1,8,4
9309650716,3.2,3,1
9309650717,9.6,9,0
9309650718,5.4,7,3
9309650719,7.8,4,4
9309650720,1.9,5,0
9309650721,6.7,6,3
9309650722,5.2,8,4
9309650723,7.3,8,1
9309650724,4.2,3,0
9309650725,5.3,8,3
9309650726,3.6,4,0
9309650727,2.8,6,2
9309650728,7.8,7,1
9309650729,4.8,5,1
9309650730,4.9,6,0
9309650731,5.8,5,2
9309650732,3.0,6,2
9309650733,4.1,3,2
9309650734,4.8,2,5
9309650735,6.8,5,1
9309650736,8.8,5,4
9309650737,8.9,3,2
9309650738,9.8,5,3
9309650739,6.0,5,0
9309650740,8.3,6,3
9309650741,3.3,4,1
9309650742,6.5,6,0
9309650743,8.5,2,2
9309650744,6.8,5,-1
9309650745,8.4,6,2
9309650746,7.5,6,3
9309650747,3.5,7,2
9309650748,5.0,5,1
9309650749,8.0,5,0
9309650750,9.3,8,1
9309650751,7.8,8,2
9309650752,7.5,6,0
9309650753,7.7,6,3
9309650754,5.2,6,3
9309650755,8.9,5,-1
9309650756,4.5,5,2
9309650757,6.8,7,0
9309650758,5.9,1,0
9309650759,9.0,5,-1
9309650760,6.7,6,0
9309650761,5.7,2,1
9309650762,3.3,1,3
9309650763,1.7,6,4
9309650764,1.1,4,2
9309650765,7.9,5,1
9309650766,6.0,9,1
9309650767,9.1,4,3
9309650768,9.3,5,1
9309650769,2.8,3,2
9309650770,10.7,4,-1
9309650771,7.5,6,4
9309650772,1.6,5,-1
9309650773,7.3,4,3
9309650774,2.7,5,1
9309650775,9.7,7,0
9309650776,4.8,6,4
9309650777,5.8,5,0
9309650778,8.7,6,3
9309650779,4.8,3,-2
9309650780,9.8,1,1
9309650781,8.3,5,0
9309650782,4.7,4,4
9309650783,7.8,6,0
9309650784,3.6,6,2
9309650785,4.8,6,2
9309650786,8.6,8,1
9309650787,5.0,2,2
9309650788,5.8,4,2
9309650789,8.0,5,4
9309650790,3.0,6,-1
9309650791,6.0,1,1
9309650792,4.3,6,-1
9309650793,4.2,4,1
9309650794,6.0,4,1
9309650795,10.6,6,0
9309650796,5.7,8,2
9309650797,8.2,5,2
9309650798,7.5,6,1
9309650799,4.3,9,2
9309650800,6.3,6,3
9309650801,6.1,5,2
9309650802,8.8,5,4
9309650803,3.0,2,0
9309650804,8.1,8,1
9309650805,8.0,6,1
9309650806,3.2,5,1
9309650807,7.4,4,2
9309650808,6.4,4,-1
9309650809,8.1,6,1
9309650810,7.2,7,0
9309650811,5.9,5,3
9309650812,3.2,2,-1
9309650813,7.2,4,1
9309650814,6.7,6,-1
9309650815,4.5,5,0
9309650816,4.7,7,0
9309650817,10.3,4,1
9309650818,4.3,5,2
9309650819,9.0,6,1
9309650820,5.7,8,1
9309650821,3.8,2,4
9309650822,8.1,4,3
9309650823,8.6,7,1
9309650824,10.7,5,-1
9309650825,4.4,6,2
9309650826,6.4,3,2
9309650827,4.6,7,3
9309650828,4.0,5,-1
9309650829,6.4,5,2
9309650830,5.2,2,2
9309650831,3.6,1,2
9309650832,6.2,6,2
9309650833,4.5,6,1
9309650834,8.8,5,5
9309650835,8.9,3,2
9309650836,6.8,4,4
9309650837,1.2,7,-1
9309650838,2.8,4,1
9309650839,3.9,5,2
9309650840,6.5,6,1
9309650841,2.7,3,-1
9309650842,5.8,2,2
9309650843,4.5,5,0
9309650844,6.0,9,4
9309650845,7.7,3,2
9309650846,9.1,6,0
9309650847,3.0,6,1
9309650848,6.7,2,1
9309650849,7.4,3,1
9309650850,2.9,8,2
9309650851,10.7,5,1
9309650852,3.6,5,5
9309650853,8.9,6,0
9309650854,9.9,7,3
9309650855,4.5,6,1
9309650856,4.0,3,3
9309650857,4.0,6,3
9309650858,1.5,3,-1
9309650859,2.1,2,0
9309650860,5.1,7,2
9309650861,8.3,7,0
9309650862,8.3,6,0
9309650863,4.1,9,0
9309650864,5.5,8,-1
9309650865,7.8,6,1
9309650866,4.8,5,-1
9309650867,5.7,5,-1
9309650868,7.1,6,3
9309650869,7.5,4,1
9309650870,10.2,6,0
9309650871,2.9,8,2
9309650872,9.8,4,0
9309650873,3.6,6,1
9309650874,4.6,7,1
9309650875,4.4,5,-1
9309650876,8.1,4,1
9309650877,3.7,2,2
9309650878,5.5,8,3
9309650879,5.8,8,-1
9309650880,3.8,8,1
9309650881,1.2,7,0
9309650882,8.0,6,3
9309650883,5.4,4,2
9309650884,3.5,5,1
9309650885,5.8,7,1
9309650886,7.2,3,1
9309650887,6.5,4,2
9309650888,5.0,10,1
9309650889,6.2,6,3
9309650890,3.4,7,3
9309650891,1.9,4,1
9309650892,8.8,3,3
9309650893,2.5,9,3
9309650894,8.4,3,2
9309650895,4.8,5,3
9309650896,5.6,3,-1
9309650897,5.0,1,2
9309650898,9.3,5,3
9309650899,6.9,8,4
9309650900,7.2,5,2
9309650901,6.0,6,3
9309650902,8.8,3,2
9309650903,3.7,7,0
9309650904,6.4,9,0
9309650905,8.1,6,1
9309650906,4.3,6,3
9309650907,6.8,9,2
9309650908,9.1,5,2
9309650909,9.8,8,3
9309650910,10.3,5,1
9309650911,10.2,2,4
9309650912,9.2,7,2
9309650913,6.1,2,3
9309650914,5.6,9,3
9309650915,4.8,3,0
9309650916,7.3,4,0
9309650917,9.3,2,3
9309650918,7.2,6,0
9309650919,6.5,7,3
9309650920,7.0,6,2
9309650921,7.2,3,2
9309650922,4.8,5,1
9309650923,5.8,7,2
9309650924,5.0,8,2
9309650925,10.8,4,3
9309650926,6.1,5,0
9309650927,7.3,6,4
9309650928,4.7,5,2
9309650929,3.9,4,1
9309650930,10.4,6,1
9309650931,4.7,3,2
9309650932,3.1,7,0
9309650933,1.9,4,4
9309650934,7.5,6,1
9309650935,5.8,8,3
9309650936,8.1,3,4
9309650937,2.5,5,0
9309650938,9.0,7,0
9309650939,6.3,4,3
9309650940,7.4,6,2
9309650941,2.8,4,2
9309650942,6.1,3,2
9309650943,8.1,8,1
9309650944,4.4,4,0
9309650945,5.2,6,0
9309650946,5.8,5,0
9309650947,10.8,6,2
9309650948,2.0,4,-1
9309650949,3.2,9,3
9309650950,8.6,6,1
9309650951,5.8,5,2
9309650952,4.5,4,4
9309650953,7.2,7,2
9309650954,8.8,4,3
9309650955,4.7,4,-1
9309650956,2.4,3,2
9309650957,8.3,4,0
9309650958,6.8,7,0
9309650959,2.3,5,3
9309650960,8.8,7,2
9309650961,3.4,5,2
9309650962,8.1,3,4
9309650963,4.7,6,2
9309650964,5.3,6,0
9309650965,9.2,5,3
9309650966,6.7,3,0
9309650967,3.8,8,1
9309650968,9.8,4,2
9309650969,1.9,6,3
9309650970,5.3,3,3
9309650971,6.8,7,1
9309650972,7.8,3,2
9309650973,3.7,10,1
9309650974,1.5,6,0
9309650975,9.8,6,3
9309650976,3.8,6,1
9309650977,10.2,5,1
9309650978,3.5,5,0
9309650979,7.5,4,3
9309650980,3.8,8,0
9309650981,9.7,6,0
9309650982,7.6,2,0
9309650983,7.8,7,3
9309650984,6.5,5,5
9309650985,8.5,3,5
9309650986,3.6,3,1
9309650987,5.5,9,4
9309650988,8.2,8,0
9309650989,7.5,5,3
9309650990,5.8,5,2
9309650991,2.0,3,1
9309650992,9.2,5,1
9309650993,6.7,9,0
9309650994,1.6,8,0
9309650995,10.6,3,2
9309650996,2.0,6,2
9309650997,7.8,6,-1
9309650998,3.1,1,1
9309650999,6.7,6,0
9309651000,3.2,7,0
9309651001,10.9,3,-1
9309651002,8.7,5,2
9309651003,6.0,6,1
9309651004,10.4,7,2
9309651005,6.5,8,3
9309651006,4.9,6,1
9309651007,9.1,4,2
9309651008,6.2,6,1
9309651009,9.2,6,0
9309651010,6.7,3,2
9309651011,2.3,4,2
9309651012,7.6,1,1
9309651013,7.6,7,4
9309651014,5.8,6,0
9309651015,8.5,4,1
9309651016,8.8,8,1
9309651017,5.8,3,3
9309651018,8.2,3,2
9309651019,8.6,4,0
9309651020,5.4,2,4
9309651021,5.3,3,0
9309651022,4.1,8,0
9309651023,7.1,3,1
9309651024,3.9,5,3
9309651025,9.9,1,0
9309651026,4.2,5,3
9309651027,5.5,3,0
9309651028,7.8,5,-1
9309651029,8.8,5,0
9309651030,7.9,6,1
9309651031,3.5,3,0
9309651032,5.0,3,0
9309651033,5.7,5,2
9309651034,2.6,5,4
9309651035,6.2,5,0
9309651036,5.3,5,1
9309651037,6.8,7,1
9309651038,5.2,6,1
9309651039,10.2,3,1
9309651040,5.9,3,0
9309651041,5.3,7,3
9309651042,4.7,3,0
9309651043,6.4,6,1
9309651044,7.5,3,2
9309651045,8.5,4,3
9309651046,4.4,5,-1
9309651047,8.4,3,4
9309651048,6.8,6,0
9309651049,4.2,9,-2
9309651050,4.2,5,4
9309651051,3.7,8,1
9309651052,3.4,4,1
9309651053,3.3,4,4
9309651054,4.5,6,0
9309651055,5.0,6,3
9309651056,2.2,7,1
9309651057,5.5,4,-1
9309651058,9.1,1,0
9309651059,5.8,9,0
9309651060,7.3,3,1
9309651061,4.4,4,0
9309651062,4.9,9,2
9309651063,9.9,9,3
9309651064,10.6,4,3
9309651065,8.7,7,0
9309651066,3.4,5,3
9309651067,3.5,6,3
9309651068,8.4,4,4
9309651069,9.5,5,1
9309651070,6.8,3,1
9309651071,4.5,7,3
9309651072,3.6,5,2
9309651073,5.0,4,-1
9309651074,5.0,5,4
9309651075,4.2,8,2
9309651076,7.8,7,1
9309651077,5.0,5,3
9309651078,3.0,3,4
9309651079,7.7,5,1
9309651080,8.5,5,1
9309651081,10.7,2,-1
9309651082,5.6,8,3
9309651083,3.0,4,0
9309651084,3.1,5,2
9309651085,6.1,5,0
9309651086,10.2,1,3
9309651087,7.9,5,0
9309651088,5.5,1,1
9309651089,4.4,5,2
9309651090,4.7,7,0
9309651091,4.0,7,2
9309651092,4.8,7,-2
9309651093,9.8,6,3
9309651094,3.1,5,1
9309651095,8.8,5,0
9309651096,5.2,5,2
9309651097,8.7,6,1
9309651098,10.5,4,0
9309651099,3.7,7,-1
9309651100,4.8,6,2
9309651101,10.5,6,3
9309651102,6.3,7,4
9309651103,5.0,3,2
9309651104,9.7,2,3
9309651105,7.3,5,0
9309651106,6.1,2,2
9309651107,10.8,1,-1
9309651108,5.5,9,3
9309651109,6.0,7,3
9309651110,5.5,6,-1
9309651111,5.7,6,0
9309651112,2.5,5,1
9309651113,8.8,5,0
9309651114,7.9,6,2
9309651115,4.8,1,1
9309651116,6.9,5,4
9309651117,6.5,8,1
9309651118,4.0,3,0
9309651119,9.9,7,0
9309651120,4.7,8,2
9309651121,6.4,1,3
9309651122,8.4,4,1
9309651123,9.3,1,1
9309651124,3.3,9,3
9309651125,8.8,7,3
9309651126,6.5,8,3
9309651127,7.3,5,2
9309651128,5.2,3,3
9309651129,5.3,7,3
9309651130,6.3,7,0
9309651131,6.8,5,0
9309651132,8.3,5,4
9309651133,7.2,7,1
9309651134,7.0,2,2
9309651135,5.0,6,0
9309651136,8.8,8,2
9309651137,7.8,8,-1
9309651138,1.7,3,1
9309651139,5.0,5,0
9309651140,6.7,1,0
9309651141,10.2,5,1
9309651142,5.0,4,2
9309651143,8.1,4,-1
9309651144,5.5,8,0
9309651145,5.7,6,1
9309651146,8.1,4,3
9309651147,7.9,5,1
9309651148,8.3,7,3
9309651149,9.3,5,-1
9309651150,8.7,5,2
9309651151,8.7,5,1
9309651152,6.5,4,-1
9309651153,8.1,4,0
9309651154,3.3,5,1
9309651155,6.8,6,3
9309651156,2.4,4,1
9309651157,6.1,8,2
9309651158,2.6,6,0
9309651159,5.7,8,2
9309651160,5.5,4,3
9309651161,8.5,5,2
9309651162,6.7,4,2
9309651163,4.4,3,2
9309651164,5.5,5,1
9309651165,6.4,3,3
9309651166,5.2,3,0
9309651167,7.7,3,1
9309651168,3.5,2,2
9309651169,4.8,5,3
9309651170,1.4,3,2
9309651171,4.3,3,-1
9309651172,7.5,4,4
9309651173,5.7,6,3
9309651174,10.7,5,2
9309651175,3.6,5,0
9309651176,5.7,7,2
9309651177,8.4,3,0
9309651178,10.8,7,1
9309651179,4.3,5,1
9309651180,9.2,8,3
9309651181,7.9,5,1
9309651182,5.2,4,-1
9309651183,4.6,5,0
9309651184,4.7,3,3
9309651185,4.2,8,2
9309651186,4.8,6,0
9309651187,3.8,6,4
9309651188,7.5,4,3
9309651189,2.9,6,0
9309651190,9.1,9,0
9309651191,4.6,5,5
9309651192,5.8,9,0
9309651193,5.7,5,1
9309651194,5.0,5,0
9309651195,4.9,7,0
9309651196,7.7,8,3
9309651197,8.9,5,1
9309651198,8.6,2,0
9309651199,5.2,5,-1
9309651200,5.3,3,1
9309651201,7.4,5,0
9309651202,9.0,7,0
9309651203,8.9,5,3
9309651204,8.5,4,0
9309651205,5.7,5,1
9309651206,8.8,7,3
9309651207,6.8,6,0
9309651208,6.6,4,1
9309651209,5.8,7,2
9309651210,3.8,6,3
9309651211,6.5,7,3
9309651212,5.5,8,4
9309651213,6.9,3,4
9309651214,6.9,5,1
9309651215,4.2,7,0
9309651216,7.7,2,0
9309651217,6.5,6,-1
9309651218,7.0,3,-1
9309651219,5.8,8,4
9309651220,6.2,8,0
9309651221,2.8,6,1
9309651222,5.4,8,3
9309651223,4.8,4,2
9309651224,7.6,5,3
9309651225,8.0,6,1
9309651226,4.2,7,-1
9309651227,6.5,7,2
9309651228,4.8,8,3
9309651229,9.2,8,0
9309651230,2.2,5,2
9309651231,8.6,8,-1
9309651232,4.2,5,3
9309651233,7.2,6,-1
9309651234,3.1,8,1
9309651235,7.1,7,2
9309651236,7.8,4,1
9309651237,7.0,8,1
9309651238,7.8,6,1
9309651239,4.8,5,2
9309651240,10.8,4,2
9309651241,1.9,4,0
9309651242,6.3,4,2
9309651243,3.1,10,0
9309651244,8.0,5,1
9309651245,9.6,3,3
9309651246,9.4,4,-1
9309651247,6.7,5,-2
9309651248,6.2,9,4
9309651249,4.2,8,0
9309651250,6.4,5,-1
9309651251,3.5,5,2
9309651252,6.8,2,0
9309651253,6.5,6,2
9309651254,8.2,6,2
9309651255,6.1,6,3
9309651256,1.8,5,3
9309651257,8.9,5,2
9309651258,4.3,2,0
9309651259,7.3,6,5
9309651260,11.1,7,5
9309651261,9.0,9,3
9309651262,9.9,5,0
9309651263,1.5,5,3
9309651264,10.2,7,2
9309651265,5.7,6,3
9309651266,5.7,8,3
9309651267,6.0,7,0
9309651268,4.2,1,2
9309651269,7.9,4,4
9309651270,6.7,7,-2
9309651271,4.6,5,1
9309651272,7.1,8,4
9309651273,4.1,7,0
9309651274,6.2,5,1
9309651275,5.9,6,2
9309651276,3.7,6,0
9309651277,7.0,7,0
9309651278,6.5,4,5
9309651279,4.2,6,2
9309651280,3.5,4,3
9309651281,5.0,5,2
9309651282,1.2,4,1
9309651283,4.2,3,1
9309651284,10.3,5,-1
9309651285,4.2,8,1
9309651286,1.1,4,3
9309651287,5.8,7,4
9309651288,6.7,5,1
9309651289,4.3,7,0
9309651290,3.6,3,2
9309651291,8.2,5,0
9309651292,4.2,3,1
9309651293,3.2,5,1
9309651294,1.4,7,-2
9309651295,3.7,9,4
9309651296,8.9,5,0
9309651297,7.3,5,0
9309651298,3.3,6,-1
9309651299,6.9,8,3
9309651300,6.1,3,2
9309651301,3.1,8,2
9309651302,4.2,5,3
9309651303,4.8,6,0
9309651304,4.9,5,1
9309651305,6.8,5,0
9309651306,3.2,5,0
9309651307,5.5,6,5
9309651308,4.4,8,-1
9309651309,5.9,5,2
9309651310,4.7,6,5
9309651311,7.8,6,2
9309651312,4.8,2,1
9309651313,6.0,4,1
9309651314,6.8,3,4
9309651315,5.7,6,1
9309651316,6.0,6,1
9309651317,4.0,8,0
9309651318,7.6,2,0
9309651319,8.2,7,2
9309651320,5.8,1,1
9309651321,4.5,7,2
9309651322,7.1,7,0
9309651323,1.2,7,3
9309651324,7.8,3,-1
9309651325,7.0,6,3
9309651326,7.8,2,2
9309651327,4.5,4,3
9309651328,9.9,6,2
9309651329,6.0,2,3
9309651330,8.4,5,0
9309651331,4.2,6,1
9309651332,6.7,5,1
9309651333,8.3,5,3
9309651334,5.9,2,2
9309651335,4.7,6,-1
9309651336,6.2,3,1
9309651337,3.4,7,0
9309651338,11.3,8,0
9309651339,6.3,7,0
9309651340,5.2,9,0
9309651341,5.0,5,0
9309651342,5.2,9,0
9309651343,7.7,3,-1
9309651344,5.2,6,0
9309651345,9.9,6,-1
9309651346,8.3,5,3
9309651347,6.9,4,0
9309651348,5.8,4,1
9309651349,2.4,4,2
9309651350,8.6,6,-1
9309651351,3.6,5,2
9309651352,4.2,2,0
9309651353,3.4,7,1
9309651354,5.3,4,-1
9309651355,9.7,5,4
9309651356,6.8,4,4
9309651357,8.6,8,4
9309651358,6.0,2,4
9309651359,8.8,6,1
9309651360,4.8,8,3
9309651361,9.1,5,2
9309651362,5.0,3,0
9309651363,3.0,4,1
9309651364,8.8,1,4
9309651365,3.0,3,0
9309651366,6.8,4,1
9309651367,11.2,5,3
9309651368,8.4,8,1
9309651369,10.6,8,1
9309651370,9.1,6,1
9309651371,8.5,6,0
9309651372,4.0,4,4
9309651373,9.2,5,-1
9309651374,6.0,8,2
9309651375,1.9,5,-1
9309651376,7.8,7,2
9309651377,4.8,4,2
9309651378,8.2,8,1
9309651379,4.5,6,-1
9309651380,7.8,3,2
9309651381,1.8,3,2
9309651382,7.7,7,0
9309651383,9.5,6,1
9309651384,7.5,3,0
9309651385,5.7,2,4
9309651386,4.4,7,0
9309651387,8.7,6,3
9309651388,8.0,9,-1
9309651389,7.3,6,0
9309651390,4.9,4,3
9309651391,5.9,7,3
9309651392,6.9,5,1
9309651393,7.1,5,0
9309651394,7.0,7,1
9309651395,5.5,4,1
9309651396,3.1,5,0
9309651397,8.6,6,2
9309651398,9.4,4,0
9309651399,4.9,5,-1
9309651400,9.6,4,2
9309651401,6.9,6,3
9309651402,2.6,5,1
9309651403,7.0,7,1
9309651404,3.8,8,0
9309651405,6.9,6,3
9309651406,7.8,3,3
9309651407,5.7,6,4
9309651408,8.0,7,3
9309651409,8.9,7,1
9309651410,8.4,3,3
9309651411,7.0,7,0
9309651412,3.4,5,1
9309651413,3.1,8,4
9309651414,2.9,7,1
9309651415,6.5,3,3
9309651416,3.6,4,4
9309651417,8.0,10,4
9309651418,1.6,5,0
9309651419,8.7,6,1
9309651420,2.2,7,0
9309651421,6.9,8,2
9309651422,5.4,1,2
9309651423,5.5,9,0
9309651424,4.3,5,0
9309651425,5.5,8,3
9309651426,4.3,5,-2
9309651427,2.9,4,3
9309651428,7.5,7,0
9309651429,6.7,3,0
9309651430,8.3,4,1
9309651431,9.7,8,1
9309651432,9.8,5,0
9309651433,10.0,7,1
9309651434,4.7,4,1
9309651435,3.9,4,2
9309651436,3.4,1,4
9309651437,3.4,2,4
9309651438,9.7,8,0
9309651439,7.5,5,-1
9309651440,8.2,9,0
9309651441,6.2,1,1
9309651442,8.0,9,2
9309651443,9.7,4,0
9309651444,7.2,4,2
9309651445,5.2,3,-1
9309651446,4.8,8,4
9309651447,7.5,3,3
9309651448,9.2,7,2
9309651449,8.6,6,0
9309651450,3.2,3,1
9309651451,7.3,5,0
9309651452,6.0,2,0
9309651453,5.3,6,3
9309651454,8.0,5,2
9309651455,8.2,10,3
9309651456,1.9,8,1
9309651457,6.6,7,1
9309651458,2.5,7,1
9309651459,4.5,6,4
9309651460,3.1,5,0
9309651461,9.3,6,3
9309651462,5.5,7,-1
9309651463,4.8,3,1
9309651464,5.2,2,0
9309651465,2.1,4,1
9309651466,10.2,3,0
9309651467,3.0,3,0
9309651468,3.7,2,1
9309651469,4.2,8,1
9309651470,6.9,6,4
9309651471,5.4,6,2
9309651472,8.2,6,1
9309651473,7.9,9,1
9309651474,7.5,6,1
9309651475,6.0,7,0
9309651476,3.7,7,4
9309651477,5.6,1,0
9309651478,7.0,6,4
9309651479,4.7,2,1
9309651480,9.3,7,3
9309651481,6.2,6,2
9309651482,3.4,7,1
9309651483,8.6,2,2
9309651484,9.3,6,2
9309651485,2.8,3,0
9309651486,1.9,8,0
9309651487,4.4,3,-1
9309651488,7.4,7,4
9309651489,7.8,5,3
9309651490,8.9,8,0
9309651491,4.6,6,2
9309651492,4.7,3,-1
9309651493,8.4,8,2
9309651494,8.8,4,3
9309651495,8.3,6,4
9309651496,6.2,3,1
9309651497,8.4,6,4
9309651498,6.3,2,1
9309651499,7.3,7,0
9309651500,8.6,3,1
9309651501,5.5,3,2
9309651502,7.7,4,3
9309651503,4.9,5,1
9309651504,4.9,6,2
9309651505,3.2,9,1
9309651506,3.3,6,3
9309651507,8.0,7,3
9309651508,3.8,8,2
9309651509,4.8,7,0
9309651510,4.5,3,0
9309651511,7.6,4,2
9309651512,6.1,3,3
9309651513,9.4,9,0
9309651514,1.4,3,2
9309651515,4.4,6,-1
9309651516,8.2,5,1
9309651517,7.0,3,-2
9309651518,5.8,3,3
9309651519,6.3,6,1
9309651520,8.9,6,1
9309651521,6.0,6,-1
9309651522,6.8,1,1
9309651523,8.7,8,2
9309651524,8.2,6,5
9309651525,8.2,6,0
9309651526,10.2,7,2
9309651527,3.9,1,2
9309651528,7.4,8,3
9309651529,4.5,4,0
9309651530,7.0,6,1
9309651531,4.2,8,4
9309651532,6.2,3,2
9309651533,4.2,8,3
9309651534,9.0,4,3
9309651535,7.0,4,1
9309651536,8.9,8,2
9309651537,6.1,6,3
9309651538,9.4,6,1
9309651539,9.8,4,0
9309651540,4.7,7,3
9309651541,10.9,5,3
9309651542,4.9,7,0
9309651543,3.0,5,0
9309651544,6.9,4,1
9309651545,1.8,9,-1
9309651546,5.5,8,3
9309651547,4.3,8,0
9309651548,6.8,3,2
9309651549,10.8,6,0
9309651550,3.9,2,-1
9309651551,5.7,2,3
9309651552,2.4,5,2
9309651553,5.5,1,2
9309651554,9.8,7,2
9309651555,2.9,5,4
9309651556,8.1,1,-1
9309651557,4.0,8,2
9309651558,6.0,5,0
9309651559,8.6,5,1
9309651560,6.2,4,0
9309651561,3.7,5,1
9309651562,7.0,6,0
9309651563,4.2,7,5
9309651564,8.2,6,2
9309651565,7.8,4,2
9309651566,3.2,5,1
9309651567,5.8,5,0
9309651568,8.7,9,-1
9309651569,10.5,1,0
9309651570,7.6,4,0
9309651571,8.4,5,1
9309651572,1.6,1,1
9309651573,1.8,5,1
9309651574,4.8,7,0
9309651575,9.7,9,-2
9309651576,8.9,8,0
9309651577,6.0,9,5
9309651578,4.5,4,2
9309651579,7.5,6,1
9309651580,4.3,6,0
9309651581,7.6,5,3
9309651582,5.4,4,1
9309651583,6.7,1,3
9309651584,8.0,6,3
9309651585,8.1,1,3
9309651586,7.2,6,3
9309651587,3.9,6,2
9309651588,10.8,9,0
9309651589,7.5,5,2
9309651590,3.5,2,0
9309651591,8.8,3,-1
9309651592,6.2,8,1
9309651593,6.8,10,-2
9309651594,8.0,9,3
9309651595,3.0,7,-2
9309651596,9.0,9,0
9309651597,6.7,7,0
9309651598,10.8,8,1
9309651599,3.9,6,3
9309651600,3.8,7,2
9309651601,5.7,7,0
9309651602,7.8,3,4
9309651603,5.7,5,2
9309651604,4.7,3,2
9309651605,4.5,7,1
9309651606,3.9,5,2
9309651607,3.6,4,1
9309651608,5.6,6,4
9309651609,4.5,4,0
9309651610,9.2,8,2
9309651611,4.2,4,3
9309651612,5.2,6,3
9309651613,9.2,4,2
9309651614,5.2,3,1
9309651615,9.7,4,0
9309651616,3.3,7,0
9309651617,6.5,3,5
9309651618,4.6,6,0
9309651619,8.1,6,0
9309651620,8.0,8,1
9309651621,7.5,2,3
9309651622,7.7,6,1
9309651623,7.9,6,3
9309651624,4.8,3,3
9309651625,8.5,5,3
9309651626,6.6,7,0
9309651627,4.5,7,3
9309651628,7.1,3,1
9309651629,8.0,7,4
9309651630,5.6,5,1
9309651631,5.0,5,-1
9309651632,5.3,5,2
9309651633,7.4,6,-1
9309651634,7.2,5,2
9309651635,3.0,5,1
9309651636,9.9,6,2
9309651637,8.0,6,1
9309651638,9.7,6,4
9309651639,1.4,5,4
9309651640,3.5,3,-1
9309651641,7.8,4,3
9309651642,9.3,6,4
9309651643,5.2,2,2
9309651644,6.8,5,4
9309651645,4.3,6,4
9309651646,5.1,2,-2
9309651647,3.6,7,2
9309651648,3.0,1,4
9309651649,3.0,6,2
9309651650,6.7,5,2
9309651651,8.7,7,4
9309651652,9.4,5,3
9309651653,7.8,1,1
9309651654,8.3,7,0
9309651655,9.7,7,5
9309651656,7.2,2,3
9309651657,8.1,5,-1
9309651658,1.8,7,3
9309651659,10.0,5,0
9309651660,3.3,5,1
9309651661,9.0,6,3
9309651662,8.4,4,1
9309651663,9.4,6,0
9309651664,7.4,4,0
9309651665,6.5,8,3
9309651666,5.2,2,3
9309651667,5.7,3,1
9309651668,9.3,7,3
9309651669,8.8,5,1
9309651670,7.2,7,-1
9309651671,6.8,5,4
9309651672,6.0,3,-1
9309651673,7.4,5,0
9309651674,4.7,1,3
9309651675,6.5,1,0
9309651676,5.0,9,-1
9309651677,8.6,2,2
9309651678,8.9,1,1
9309651679,8.7,8,0
9309651680,5.0,2,3
9309651681,4.0,1,1
9309651682,8.9,3,0
9309651683,8.1,3,4
9309651684,3.9,5,1
9309651685,7.9,5,2
9309651686,9.2,3,1
9309651687,2.6,9,-1
9309651688,8.1,3,1
9309651689,7.8,5,3
9309651690,6.3,3,3
9309651691,8.5,5,2
9309651692,5.2,3,2
9309651693,4.9,3,0
9309651694,3.4,5,2
9309651695,1.9,2,1
9309651696,3.4,4,1
9309651697,5.2,6,4
9309651698,7.5,7,1
9309651699,9.9,4,0
9309651700,4.0,3,3
9309651701,5.0,2,0
9309651702,4.7,3,-1
9309651703,1.4,4,2
9309651704,7.7,3,-1
9309651705,4.0,5,2
9309651706,10.7,5,0
9309651707,3.4,7,1
9309651708,7.5,2,4
9309651709,7.7,2,4
9309651710,3.6,3,3
9309651711,9.6,2,4
9309651712,5.4,3,0
9309651713,5.6,5,2
9309651714,7.3,8,2
9309651715,8.8,4,3
9309651716,2.6,6,2
9309651717,5.7,2,0
9309651718,3.8,9,0
9309651719,4.7,8,0
9309651720,6.9,5,0
9309651721,8.0,5,0
9309651722,5.0,4,2
9309651723,7.7,2,0
9309651724,1.4,7,3
9309651725,7.1,4,4
9309651726,4.7,4,0
9309651727,9.9,7,3
9309651728,6.9,5,4
9309651729,5.1,2,1
9309651730,7.1,2,2
9309651731,2.2,3,-1
9309651732,8.4,8,3
9309651733,5.8,8,2
9309651734,5.1,5,0
9309651735,9.2,6,0
9309651736,5.2,10,2
9309651737,8.8,7,3
9309651738,8.8,4,0
9309651739,8.1,5,3
9309651740,8.4,4,5
9309651741,7.5,5,0
9309651742,7.0,8,1
9309651743,5.3,4,1
9309651744,10.2,2,4
9309651745,2.2,7,2
9309651746,7.4,7,3
9309651747,6.7,8,1
9309651748,7.1,2,1
9309651749,9.6,3,-1
9309651750,4.0,4,0
9309651751,5.2,5,3
9309651752,4.8,4,0
9309651753,5.2,5,0
9309651754,7.5,4,2
9309651755,4.8,5,1
9309651756,3.6,4,1
9309651757,4.7,5,0
9309651758,7.6,7,0
9309651759,5.5,5,3
9309651760,4.2,9,0
9309651761,4.5,4,1
9309651762,6.7,4,0
9309651763,5.5,4,2
9309651764,9.9,2,1
9309651765,4.5,7,-2
9309651766,6.5,6,1
9309651767,8.0,4,2
9309651768,6.0,2,1
9309651769,5.8,5,1
9309651770,3.8,5,2
9309651771,6.8,3,3
9309651772,2.2,6,0
9309651773,11.4,1,1
9309651774,6.2,6,4
9309651775,5.0,2,-1
9309651776,2.8,6,-1
9309651777,8.5,7,1
9309651778,4.4,8,1
9309651779,4.5,8,4
9309651780,6.0,2,0
9309651781,9.9,2,0
9309651782,3.2,2,-1
9309651783,4.7,1,4
9309651784,4.1,2,1
9309651785,9.9,6,3
9309651786,5.2,6,1
9309651787,5.0,5,0
9309651788,2.8,2,3
9309651789,9.6,2,-1
9309651790,6.5,4,-1
9309651791,7.8,4,2
9309651792,7.0,5,0
9309651793,4.0,10,-1
9309651794,10.1,4,4
9309651795,8.8,5,0
9309651796,2.3,6,0
9309651797,8.2,7,3
9309651798,6.7,9,2
9309651799,6.5,3,0
9309651800,6.0,6,1
9309651801,8.2,6,-1
9309651802,6.2,3,5
9309651803,3.4,4,0
9309651804,3.5,4,3
9309651805,5.0,3,1
9309651806,6.2,7,0
9309651807,3.2,7,0
9309651808,5.2,6,2
9309651809,7.5,2,1
9309651810,1.5,5,1
9309651811,5.4,2,3
9309651812,9.5,4,4
9309651813,6.2,5,2
9309651814,2.6,2,2
9309651815,2.5,7,4
9309651816,7.0,4,1
9309651817,1.4,2,-1
9309651818,10.2,7,4
9309651819,7.7,4,0
9309651820,10.8,9,1
9309651821,6.3,3,1
9309651822,7.3,6,0
9309651823,2.7,6,-1
9309651824,8.0,7,-2
9309651825,4.7,5,0
9309651826,6.8,1,1
9309651827,6.7,8,2
9309651828,9.2,7,4
9309651829,6.6,5,0
9309651830,5.1,4,1
9309651831,8.8,10,1
9309651832,3.9,1,1
9309651833,9.5,8,3
9309651834,3.4,8,1
9309651835,5.2,1,3
9309651836,6.8,4,0
9309651837,3.2,8,4
9309651838,9.1,4,0
9309651839,4.7,6,0
9309651840,7.8,9,2
9309651841,8.0,5,1
9309651842,8.2,8,0
9309651843,2.8,3,2
9309651844,6.0,7,-1
9309651845,8.1,4,2
9309651846,5.7,2,2
9309651847,4.5,6,2
9309651848,9.5,7,3
9309651849,5.4,2,2
9309651850,8.9,6,0
9309651851,10.0,5,0
9309651852,5.7,1,0
9309651853,7.2,6,0
9309651854,7.8,4,3
9309651855,5.0,6,2
9309651856,3.6,5,-1
9309651857,3.1,6,2
9309651858,4.7,3,4
9309651859,4.4,8,0
9309651860,10.4,6,1
9309651861,9.8,8,1
9309651862,6.1,5,2
9309651863,9.0,2,0
9309651864,8.2,7,2
9309651865,4.7,4,3
9309651866,10.1,2,2
9309651867,5.5,8,2
9309651868,7.5,4,2
9309651869,3.2,3,2
9309651870,3.2,4,2
9309651871,1.9,6,0
9309651872,4.2,4,1
9309651873,1.9,6,3
9309651874,1.2,3,1
9309651875,4.2,6,0
9309651876,10.1,6,2
9309651877,5.7,6,2
9309651878,7.2,2,1
9309651879,9.7,6,2
9309651880,9.1,7,1
9309651881,5.4,1,0
9309651882,2.8,3,1
9309651883,4.8,5,2
9309651884,3.7,6,0
9309651885,2.3,5,0
9309651886,9.9,3,-1
9309651887,6.8,4,0
9309651888,5.9,3,1
9309651889,4.5,7,2
9309651890,9.1,2,2
9309651891,8.1,5,3
9309651892,8.3,7,1
9309651893,6.1,9,3
9309651894,7.0,3,4
9309651895,3.1,5,2
9309651896,7.2,4,1
9309651897,8.2,5,4
9309651898,9.0,1,0
9309651899,5.5,6,2
9309651900,6.8,2,1
9309651901,7.0,7,3
9309651902,5.5,3,-1
9309651903,2.4,7,2
9309651904,2.9,6,1
9309651905,9.1,5,2
9309651906,6.1,6,1
9309651907,8.6,9,0
9309651908,9.4,6,-1
9309651909,4.5,9,0
9309651910,8.2,2,0
9309651911,7.8,7,3
9309651912,3.5,7,1
9309651913,5.5,5,0
9309651914,4.0,4,-1
9309651915,1.9,5,1
9309651916,3.5,8,0
9309651917,3.5,7,2
9309651918,7.2,2,1
9309651919,7.8,5,5
9309651920,7.7,8,0
9309651921,8.6,7,5
9309651922,6.2,6,1
9309651923,9.9,4,2
9309651924,8.2,7,3
9309651925,9.4,6,2
9309651926,6.2,5,3
9309651927,8.1,4,2
9309651928,7.3,6,4
9309651929,4.0,3,0
9309651930,3.0,2,2
9309651931,5.5,7,0
9309651932,9.3,5,-2
9309651933,8.0,5,0
9309651934,4.2,6,2
9309651935,2.8,8,0
9309651936,3.3,7,2
9309651937,8.4,6,3
9309651938,10.1,5,-2
9309651939,7.5,7,0
9309651940,1.7,5,2
9309651941,5.6,5,3
9309651942,8.0,5,0
9309651943,8.9,5,0
9309651944,7.9,6,2
9309651945,4.0,7,0
9309651946,6.2,1,4
9309651947,9.8,9,0
9309651948,2.6,9,2
9309651949,8.0,5,2
9309651950,8.0,10,0
9309651951,5.7,4,5
9309651952,7.0,2,0
9309651953,5.8,3,1
9309651954,7.5,7,0
9309651955,5.0,5,2
9309651956,6.2,5,0
9309651957,8.0,10,0
9309651958,5.2,7,1
9309651959,8.8,4,0
9309651960,5.2,7,-1
9309651961,7.1,7,1
9309651962,8.9,4,1
9309651963,8.3,9,1
9309651964,5.5,4,2
9309651965,5.8,7,0
9309651966,4.7,8,4
9309651967,2.8,8,2
9309651968,5.6,2,0
9309651969,3.5,5,0
9309651970,8.8,7,0
9309651971,5.1,5,1
9309651972,1.6,6,1
9309651973,4.0,5,1
9309651974,6.3,6,-1
9309651975,8.2,8,1
9309651976,5.2,3,1
9309651977,1.4,5,3
9309651978,2.4,7,3
9309651979,9.4,7,0
9309651980,4.9,9,2
9309651981,8.9,5,4
9309651982,5.5,1,2
9309651983,3.0,5,3
9309651984,8.7,6,-2
9309651985,8.2,5,1
9309651986,8.9,6,0
9309651987,5.3,7,0
9309651988,3.5,8,1
9309651989,5.5,6,2
9309651990,4.3,3,1
9309651991,8.5,2,2
9309651992,5.5,4,1
9309651993,1.1,7,0
9309651994,4.7,5,-1
9309651995,10.8,5,2
9309651996,9.3,6,0
9309651997,4.3,9,2
9309651998,3.6,8,0
9309651999,4.8,9,3
9309652000,1.6,6,1
9309652001,8.2,3,1
9309652002,4.5,6,1
9309652003,9.2,7,2
9309652004,6.2,9,3
9309652005,8.0,6,2
9309652006,4.0,6,2
9309652007,8.3,8,0
9309652008,8.8,4,2
9309652009,10.1,6,5
9309652010,5.7,4,4
9309652011,3.4,1,0
9309652012,6.5,8,0
9309652013,7.0,3,2
9309652014,2.5,4,4
9309652015,9.3,4,1
9309652016,2.7,6,1
9309652017,8.2,8,1
9309652018,9.8,2,2
9309652019,5.3,8,2
9309652020,6.5,5,1
9309652021,6.4,6,0
9309652022,10.3,1,3
9309652023,7.5,1,2
9309652024,4.5,5,4
9309652025,7.7,2,0
9309652026,4.2,4,3
9309652027,7.0,6,0
9309652028,5.1,9,0
9309652029,7.2,7,1
9309652030,4.5,1,1
9309652031,11.2,8,3
9309652032,4.0,6,4
9309652033,4.1,6,3
9309652034,8.8,1,0
9309652035,5.7,7,0
9309652036,2.6,3,2
9309652037,1.8,7,2
9309652038,10.9,6,-1
9309652039,5.8,5,2
9309652040,7.7,6,2
9309652041,6.0,8,2
9309652042,4.2,2,1
9309652043,5.1,7,1
9309652044,4.5,6,0
9309652045,5.0,4,2
9309652046,7.5,5,1
9309652047,7.9,4,0
9309652048,5.8,9,0
9309652049,4.8,3,0
9309652050,8.8,7,2
9309652051,4.8,5,-1
9309652052,3.3,5,0
9309652053,7.3,6,1
9309652054,3.1,2,3
9309652055,6.8,6,4
9309652056,6.7,4,3
9309652057,3.1,6,2
9309652058,5.0,8,0
9309652059,8.5,5,1
9309652060,6.8,5,0
9309652061,2.4,4,1
9309652062,9.3,1,1
9309652063,8.1,9,3
9309652064,5.5,6,-2
9309652065,5.8,5,2
9309652066,4.4,2,1
9309652067,7.7,3,0
9309652068,5.7,9,0
9309652069,8.1,9,1
9309652070,6.3,4,4
9309652071,3.4,5,0
9309652072,7.9,7,2
9309652073,7.9,6,1
9309652074,5.7,3,3
9309652075,4.5,6,0
9309652076,5.5,4,-2
9309652077,10.4,9,1
9309652078,8.9,2,4
9309652079,6.6,7,1
9309652080,7.1,5,3
9309652081,9.1,9,0
9309652082,3.0,5,0
9309652083,3.6,3,2
9309652084,8.7,6,0
9309652085,3.9,3,1
9309652086,4.7,6,-1
9309652087,4.4,5,1
9309652088,9.6,4,0
9309652089,10.5,8,2
9309652090,5.3,3,3
9309652091,10.1,7,0
9309652092,5.5,4,-1
9309652093,4.5,8,0
9309652094,3.6,8,0
9309652095,4.8,5,0
9309652096,7.8,4,1
9309652097,6.8,7,4
9309652098,6.5,3,1
9309652099,3.4,6,2
9309652100,6.8,6,0
9309652101,8.3,7,2
9309652102,5.7,5,1
9309652103,9.4,3,2
9309652104,2.2,8,1
9309652105,8.4,4,0
9309652106,3.8,5,1
9309652107,3.1,4,-2
9309652108,5.3,5,3
9309652109,4.7,6,4
9309652110,8.4,9,0
9309652111,4.5,7,-1
9309652112,7.0,7,0
9309652113,6.7,9,-1
9309652114,8.2,2,-1
9309652115,9.3,2,1
9309652116,6.1,3,3
9309652117,9.2,8,4
9309652118,5.6,6,3
9309652119,4.3,6,1
9309652120,3.8,6,3
9309652121,5.0,6,2
9309652122,2.7,8,4
9309652123,8.5,3,0
9309652124,5.4,5,2
9309652125,5.8,8,1
9309652126,8.5,5,2
9309652127,3.9,3,1
9309652128,4.8,4,1
9309652129,7.3,3,0
9309652130,5.8,5,3
9309652131,9.0,2,3
9309652132,7.3,2,1
9309652133,5.8,9,2
9309652134,7.2,3,-1
9309652135,7.3,7,0
9309652136,6.2,5,0
9309652137,7.8,9,0
9309652138,8.5,4,0
9309652139,5.4,5,0
9309652140,8.4,7,2
9309652141,4.2,5,0
9309652142,4.7,6,4
9309652143,9.1,1,3
9309652144,10.7,1,3
9309652145,3.5,4,0
9309652146,4.7,4,3
9309652147,7.3,3,1
9309652148,4.3,6,1
9309652149,2.9,5,2
9309652150,10.3,2,3
9309652151,4.5,6,5
9309652152,5.7,7,0
9309652153,4.8,5,0
9309652154,5.8,5,2
9309652155,5.0,7,0
9309652156,6.7,2,0
9309652157,7.2,5,1
9309652158,10.0,5,4
9309652159,6.7,6,3
9309652160,4.0,3,3
9309652161,5.0,1,0
9309652162,4.5,7,2
9309652163,6.8,4,1
9309652164,7.1,3,2
9309652165,8.0,4,1
9309652166,4.5,5,2
9309652167,9.7,5,0
9309652168,9.8,5,0
9309652169,5.8,5,0
9309652170,4.2,5,1
9309652171,6.7,4,0
9309652172,2.2,4,0
9309652173,11.2,1,4
9309652174,3.9,4,2
9309652175,9.9,5,0
9309652176,3.6,5,3
9309652177,8.2,2,-2
9309652178,5.4,6,1
9309652179,5.9,5,0
9309652180,9.6,1,1
9309652181,3.4,5,1
9309652182,4.6,7,0
9309652183,9.2,8,0
9309652184,4.5,5,-1
9309652185,9.3,2,0
9309652186,5.0,4,2
9309652187,5.5,8,1
9309652188,6.4,2,2
9309652189,5.4,3,3
9309652190,7.7,5,2
9309652191,5.0,3,0
9309652192,6.3,4,0
9309652193,5.5,2,3
9309652194,9.9,9,5
9309652195,7.2,7,2
9309652196,10.8,7,2
9309652197,6.7,3,4
9309652198,6.8,7,0
9309652199,8.8,4,-1
9309652200,8.3,4,-1
9309652201,6.0,7,-1
9309652202,9.5,4,2
9309652203,8.0,4,1
9309652204,5.3,7,3
9309652205,7.0,2,0
9309652206,5.5,6,4
9309652207,1.2,4,2
9309652208,6.8,6,4
9309652209,3.6,9,0
9309652210,7.2,5,0
9309652211,5.8,5,5
9309652212,2.6,4,0
9309652213,3.6,5,1
9309652214,9.1,5,3
9309652215,5.5,3,2
9309652216,3.0,3,-1
9309652217,7.7,6,1
9309652218,7.8,7,0
9309652219,4.0,4,-1
9309652220,6.1,4,-1
9309652221,4.5,5,5
9309652222,4.2,2,4
9309652223,6.0,9,1
9309652224,8.9,2,1
9309652225,9.7,2,3
9309652226,6.0,7,1
9309652227,9.9,7,3
9309652228,4.9,5,2
9309652229,4.3,8,1
9309652230,8.8,6,1
9309652231,5.0,6,0
9309652232,7.5,2,4
9309652233,3.6,2,1
9309652234,3.6,9,4
9309652235,4.1,7,1
9309652236,8.0,2,0
9309652237,6.3,8,2
9309652238,5.7,3,-1
9309652239,8.5,4,4
9309652240,6.8,6,2
9309652241,7.1,3,0
9309652242,7.1,5,-2
9309652243,4.0,4,1
9309652244,10.8,4,2
9309652245,7.2,3,3
9309652246,5.5,6,0
9309652247,9.5,5,0
9309652248,2.8,5,2
9309652249,7.2,3,0
9309652250,7.8,4,1
9309652251,10.8,7,0
9309652252,6.5,10,2
9309652253,4.8,3,4
9309652254,5.0,8,3
9309652255,2.9,3,-1
9309652256,9.6,5,-1
9309652257,7.2,8,0
9309652258,2.1,2,2
9309652259,7.7,5,0
9309652260,10.5,5,2
9309652261,5.0,2,-1
9309652262,2.6,5,1
9309652263,4.6,7,1
9309652264,9.1,5,1
9309652265,3.0,7,-1
9309652266,10.7,7,1
9309652267,8.9,3,-2
9309652268,7.5,3,5
9309652269,4.0,8,1
9309652270,5.2,7,1
9309652271,8.3,9,-1
9309652272,1.4,4,2
9309652273,7.8,8,3
9309652274,9.9,8,4
9309652275,4.8,4,1
9309652276,3.8,6,-1
9309652277,5.9,9,2
9309652278,8.3,7,0
9309652279,2.0,4,3
9309652280,8.5,10,0
9309652281,3.3,9,3
9309652282,10.5,3,4
9309652283,8.4,5,3
9309652284,6.5,5,2
9309652285,5.2,5,4
9309652286,5.3,1,-1
9309652287,5.5,6,-1
9309652288,4.5,6,0
9309652289,4.8,4,1
9309652290,9.4,6,1
9309652291,4.0,2,3
9309652292,8.0,5,1
9309652293,4.2,1,1
9309652294,4.7,8,2
9309652295,10.3,5,0
9309652296,2.8,7,1
9309652297,7.0,8,1
9309652298,9.3,5,1
9309652299,8.1,4,2
9309652300,6.7,5,-1
9309652301,4.0,8,1
9309652302,6.2,6,0
9309652303,6.4,4,3
9309652304,10.1,7,1
9309652305,7.1,4,2
9309652306,4.8,2,2
9309652307,6.5,7,1
9309652308,6.9,5,0
9309652309,5.8,8,1
9309652310,1.6,7,0
9309652311,5.5,4,0
9309652312,5.4,5,3
9309652313,4.0,2,0
9309652314,4.5,3,0
9309652315,8.5,4,4
9309652316,10.0,4,4
9309652317,4.7,7,4
9309652318,1.9,6,1
9309652319,2.6,4,2
9309652320,6.9,7,2
9309652321,8.1,3,0
9309652322,7.2,7,2
9309652323,2.4,9,1
9309652324,7.8,4,3
9309652325,10.9,4,1
9309652326,4.7,6,2
9309652327,9.7,4,0
9309652328,6.4,6,1
9309652329,6.2,7,2
9309652330,5.7,4,0
9309652331,2.4,8,3
9309652332,7.8,6,-2
9309652333,2.8,8,1
9309652334,3.2,5,0
9309652335,10.4,5,1
9309652336,6.5,5,2
9309652337,10.1,7,0
9309652338,5.1,8,5
9309652339,6.3,6,-1
9309652340,3.5,5,1
9309652341,3.4,4,2
9309652342,9.5,5,0
9309652343,7.2,5,0
9309652344,3.5,4,0
9309652345,8.5,2,1
9309652346,5.1,2,2
9309652347,4.0,4,0
9309652348,7.9,6,0
9309652349,8.5,2,0
9309652350,7.2,7,3
9309652351,5.3,2,-1
9309652352,9.9,9,1
9309652353,4.7,8,2
9309652354,10.9,6,0
9309652355,4.0,8,0
9309652356,8.4,5,2
9309652357,2.2,4,1
9309652358,3.3,3,3
9309652359,1.7,5,1
9309652360,6.2,6,-1
9309652361,6.5,3,3
9309652362,6.1,7,2
9309652363,6.5,6,2
9309652364,7.0,7,1
9309652365,5.2,2,4
9309652366,2.7,5,0
9309652367,7.3,6,5
9309652368,5.1,3,0
9309652369,5.1,4,0
9309652370,7.0,6,3
9309652371,7.7,2,2
9309652372,4.0,1,2
9309652373,8.4,9,2
9309652374,8.3,5,0
9309652375,10.0,5,2
9309652376,6.2,3,0
9309652377,9.4,7,0
9309652378,5.2,4,0
9309652379,4.7,6,2
9309652380,8.4,7,0
9309652381,5.0,2,2
9309652382,9.2,3,1
9309652383,6.7,8,1
9309652384,5.5,6,2
9309652385,8.7,7,3
9309652386,5.7,7,0
9309652387,3.3,3,1
9309652388,6.8,3,2
9309652389,5.6,4,3
9309652390,4.0,3,1
9309652391,7.2,1,2
9309652392,9.8,3,1
9309652393,7.2,3,1
9309652394,6.2,6,2
9309652395,3.9,7,0
9309652396,4.4,3,1
9309652397,3.1,4,1
9309652398,4.0,6,3
9309652399,4.7,2,3
9309652400,6.6,8,3
9309652401,6.8,3,-1
9309652402,7.8,6,0
9309652403,4.0,3,3
9309652404,4.0,3,0
9309652405,9.0,3,1
9309652406,4.5,6,3
9309652407,8.3,5,3
9309652408,3.2,6,0
9309652409,7.7,7,3
9309652410,7.8,3,3
9309652411,7.5,5,3
9309652412,5.0,5,3
9309652413,1.7,5,-1
9309652414,7.5,3,0
9309652415,3.5,2,3
9309652416,7.1,3,0
9309652417,7.6,10,3
9309652418,5.1,8,-1
9309652419,1.8,9,1
9309652420,5.4,3,1
9309652421,5.8,5,2
9309652422,5.0,6,0
9309652423,3.0,3,2
9309652424,9.8,5,0
9309652425,6.0,6,2
9309652426,5.7,2,3
9309652427,6.8,7,1
9309652428,3.0,7,2
9309652429,8.2,6,0
9309652430,5.2,8,2
9309652431,10.6,5,3
9309652432,1.9,4,-1
9309652433,4.3,3,2
9309652434,2.1,5,-1
9309652435,9.7,5,0
9309652436,9.3,3,1
9309652437,4.8,4,-2
9309652438,6.2,7,-1
9309652439,9.9,6,-1
9309652440,7.8,4,0
9309652441,6.7,3,1
9309652442,3.7,6,3
9309652443,7.8,3,-1
9309652444,2.2,6,3
9309652445,3.9,5,4
9309652446,8.7,6,3
9309652447,8.3,3,3
9309652448,4.3,7,1
9309652449,10.7,7,4
9309652450,9.7,7,-2
9309652451,5.1,5,2
9309652452,8.4,6,3
9309652453,5.6,4,1
9309652454,6.2,8,3
9309652455,5.4,6,4
9309652456,8.0,5,-1
9309652457,8.3,3,2
9309652458,6.8,8,-1
9309652459,5.5,7,3
9309652460,7.2,5,-1
9309652461,6.0,3,3
9309652462,10.7,5,0
9309652463,5.0,2,0
9309652464,4.5,3,0
9309652465,6.6,9,3
9309652466,4.4,10,1
9309652467,5.8,7,1
9309652468,5.3,7,4
9309652469,4.3,6,2
9309652470,1.4,3,2
9309652471,7.2,4,0
9309652472,9.6,4,2
9309652473,7.8,6,3
9309652474,7.3,6,1
9309652475,3.0,5,2
9309652476,10.1,4,-1
9309652477,4.0,5,1
9309652478,6.7,2,0
9309652479,4.7,5,3
9309652480,11.2,7,0
9309652481,8.6,5,2
9309652482,7.9,5,2
9309652483,6.0,5,2
9309652484,8.0,9,-2
9309652485,4.6,6,5
9309652486,4.2,5,3
9309652487,5.2,6,1
9309652488,4.2,4,0
9309652489,7.1,5,2
9309652490,8.3,3,1
9309652491,3.5,4,2
9309652492,8.3,6,0
9309652493,11.2,6,-1
9309652494,8.0,5,-1
9309652495,7.8,8,-2
9309652496,5.0,9,-1
9309652497,6.2,4,2
9309652498,6.5,3,1
9309652499,3.8,2,2
9309652500,4.3,6,3
9309652501,4.8,6,1
9309652502,4.7,6,0
9309652503,6.8,4,5
9309652504,6.3,3,1
9309652505,5.7,3,0
9309652506,10.2,2,-1
9309652507,5.5,4,0
9309652508,7.5,4,2
9309652509,5.4,3,1
9309652510,4.0,5,1
9309652511,5.5,2,3
9309652512,8.0,6,1
9309652513,2.5,8,0
9309652514,3.8,7,4
9309652515,8.2,3,0
9309652516,6.8,1,1
9309652517,7.5,4,1
9309652518,8.9,5,0
9309652519,7.2,7,2
9309652520,8.9,4,1
9309652521,9.6,4,0
9309652522,4.3,4,-1
9309652523,8.0,7,1
9309652524,6.2,3,0
9309652525,7.0,3,0
9309652526,4.0,4,1
9309652527,3.4,3,2
9309652528,6.2,7,2
9309652529,1.4,4,5
9309652530,6.0,9,2
9309652531,3.4,2,3
9309652532,4.7,5,3
9309652533,3.5,2,3
9309652534,2.2,8,2
9309652535,2.2,7,3
9309652536,3.4,7,4
9309652537,7.1,3,3
9309652538,9.2,6,2
9309652539,4.8,5,0
9309652540,9.8,5,0
9309652541,2.8,5,1
9309652542,4.2,5,3
9309652543,5.7,6,3
9309652544,7.2,2,2
9309652545,7.8,5,1
9309652546,8.8,4,4
9309652547,1.9,8,3
9309652548,6.0,7,3
9309652549,4.3,5,3
9309652550,4.5,6,2
9309652551,9.2,5,2
9309652552,9.3,5,2
9309652553,6.2,7,3
9309652554,3.5,4,-1
9309652555,5.2,5,1
9309652556,8.8,3,0
9309652557,4.0,4,0
